{
  "teams": [
    "Arizona Diamondbacks",
    "Athletics",
    "Atlanta Braves",
    "Baltimore Orioles",
    "Boston Red Sox",
    "Chicago Cubs",
    "Chicago White Sox",
    "Cincinnati Reds",
    "Cleveland Guardians",
    "Colorado Rockies",
    "Detroit Tigers",
    "Houston Astros",
    "Kansas City Royals",
    "Los Angeles Angels",
    "Los Angeles Dodgers",
    "Miami Marlins",
    "Milwaukee Brewers",
    "Minnesota Twins",
    "New York Mets",
    "New York Yankees",
    "Philadelphia Phillies",
    "Pittsburgh Pirates",
    "San Diego Padres",
    "San Francisco Giants",
    "Seattle Mariners",
    "St. Louis Cardinals",
    "Tampa Bay Rays",
    "Texas Rangers",
    "Toronto Blue Jays",
    "Washington Nationals"
  ],
  "attack": {
    "Arizona Diamondbacks": 0.0,
    "Athletics": -0.08761324232983463,
    "Atlanta Braves": 0.039926507758872846,
    "Baltimore Orioles": -0.11881374578613563,
    "Boston Red Sox": -0.09107097263388172,
    "Chicago Cubs": 0.034355916622528404,
    "Chicago White Sox": -0.36057819035209354,
    "Cincinnati Reds": -0.2657362672652961,
    "Cleveland Guardians": -0.06970520539736279,
    "Colorado Rockies": -0.2613974792567551,
    "Detroit Tigers": -0.10408867824131143,
    "Houston Astros": 0.09125879406361369,
    "Kansas City Royals": -0.22561572777889846,
    "Los Angeles Angels": 0.0841180007621808,
    "Los Angeles Dodgers": 0.19573594779804465,
    "Miami Marlins": -0.010596340029037012,
    "Milwaukee Brewers": -0.04315375046457132,
    "Minnesota Twins": 0.09315954863693754,
    "New York Mets": -0.19170021471959917,
    "New York Yankees": -0.06785233826995599,
    "Philadelphia Phillies": -0.12204391695965551,
    "Pittsburgh Pirates": -0.03503066983085634,
    "San Diego Padres": 0.01680490868633171,
    "San Francisco Giants": -0.2759840664184405,
    "Seattle Mariners": -0.0914270137329821,
    "St. Louis Cardinals": -0.09672032128651657,
    "Tampa Bay Rays": 0.002374147168063097,
    "Texas Rangers": -0.03210301391928422,
    "Toronto Blue Jays": -0.1979719157733238,
    "Washington Nationals": 0.13393799044095317
  },
  "defense": {
    "Arizona Diamondbacks": -0.02670807069589901,
    "Athletics": -0.06546336726810385,
    "Atlanta Braves": 0.1559315401918574,
    "Baltimore Orioles": -0.03134166975431729,
    "Boston Red Sox": 0.0032993716463942642,
    "Chicago Cubs": 0.1125573369881056,
    "Chicago White Sox": -0.15105717085782244,
    "Cincinnati Reds": 0.08508103270861375,
    "Cleveland Guardians": 0.18372864672044845,
    "Colorado Rockies": -0.06070944134035144,
    "Detroit Tigers": 0.13702328661795143,
    "Houston Astros": -0.23373965158742477,
    "Kansas City Royals": 0.0817503690860254,
    "Los Angeles Angels": -0.10590134404325617,
    "Los Angeles Dodgers": 0.23204145430643205,
    "Miami Marlins": -0.11624855216999412,
    "Milwaukee Brewers": 0.10806020969319241,
    "Minnesota Twins": -0.10833491126844001,
    "New York Mets": -0.011185834615155918,
    "New York Yankees": 0.03806177584963908,
    "Philadelphia Phillies": -0.11744035873641682,
    "Pittsburgh Pirates": 0.12941068400553182,
    "San Diego Padres": 0.048612081260838685,
    "San Francisco Giants": 0.002227686288441615,
    "Seattle Mariners": 0.17323301945237865,
    "St. Louis Cardinals": -0.1634095379928316,
    "Tampa Bay Rays": -0.09404421504080679,
    "Texas Rangers": 0.11837203761943922,
    "Toronto Blue Jays": -0.09299327534726505,
    "Washington Nationals": -0.2719614505409903
  },
  "mu": 1.5379804231457277,
  "home_adv": 0.023172721216339516,
  "fit_date": "2026-04-17",
  "n_games": 2425,
  "halflife": 60.0,
  "window_days": 365,
  "min_games": 100,
  "l2_penalty": 0.05,
  "optimizer_success": true,
  "optimizer_message": "CONVERGENCE: RELATIVE REDUCTION OF F <= FACTR*EPSMCH",
  "optimizer_iters": 31,
  "team_idx": {
    "Arizona Diamondbacks": 0,
    "Athletics": 1,
    "Atlanta Braves": 2,
    "Baltimore Orioles": 3,
    "Boston Red Sox": 4,
    "Chicago Cubs": 5,
    "Chicago White Sox": 6,
    "Cincinnati Reds": 7,
    "Cleveland Guardians": 8,
    "Colorado Rockies": 9,
    "Detroit Tigers": 10,
    "Houston Astros": 11,
    "Kansas City Royals": 12,
    "Los Angeles Angels": 13,
    "Los Angeles Dodgers": 14,
    "Miami Marlins": 15,
    "Milwaukee Brewers": 16,
    "Minnesota Twins": 17,
    "New York Mets": 18,
    "New York Yankees": 19,
    "Philadelphia Phillies": 20,
    "Pittsburgh Pirates": 21,
    "San Diego Padres": 22,
    "San Francisco Giants": 23,
    "Seattle Mariners": 24,
    "St. Louis Cardinals": 25,
    "Tampa Bay Rays": 26,
    "Texas Rangers": 27,
    "Toronto Blue Jays": 28,
    "Washington Nationals": 29
  }
}