{
  "year": 2025,
  "min_train_games": 250,
  "entry_rule": "first_qualified",
  "minutes_before": 60,
  "min_confidence": 0.53,
  "min_edge": 0.5,
  "games": 3241,
  "weighted_mae": 3.3113964262129607,
  "weighted_rmse": 4.144474672201138,
  "weighted_bias": 0.16038367530989153,
  "weighted_mean_sigma": 4.329213988372699,
  "weighted_within_1sigma": 0.7732181425485961,
  "weighted_within_2sigma": 0.9608145634063561,
  "months": [
    {
      "month": "2025-04",
      "games": 377,
      "mae": 3.493357406299495,
      "rmse": 4.464712665023142,
      "r2": 0.02889939832425026,
      "bias": 0.12683584930703073,
      "mean_predicted": 8.589344522045755,
      "mean_actual": 8.716180371352785,
      "mean_sigma": 4.318948745727539,
      "within_1sigma": 0.6737400530503979,
      "within_2sigma": 0.9575596816976127,
      "mean_high_tail_prob": 0.38275571231205696,
      "mean_low_tail_prob": 0.4151554965616547,
      "bets": 225,
      "win_rate": 0.5244444444444445,
      "roi": 0.12121212121211836,
      "brier": 0.2549727752054759,
      "log_loss": 0.7025820063706194,
      "avg_confidence": 0.6197668063125411,
      "avg_edge": 1.3924382948674814,
      "avg_hours_to_first_pitch": 25.4357024691358,
      "matched_closing_lines": 225,
      "beat_close_rate": 0.3244444444444444,
      "mean_clv_runs": 0.08333333333333333,
      "median_clv_runs": 0.0,
      "train_games": 13956,
      "snapshot_candidates": 2295
    },
    {
      "month": "2025-05",
      "games": 666,
      "mae": 3.7898534551094354,
      "rmse": 4.404515325391999,
      "r2": -0.25250892385386514,
      "bias": 1.6117769135595794,
      "mean_predicted": 7.927262125479459,
      "mean_actual": 9.53903903903904,
      "mean_sigma": 4.3227105140686035,
      "within_1sigma": 0.7957957957957958,
      "within_2sigma": 0.9624624624624625,
      "mean_high_tail_prob": 0.34748247975700186,
      "mean_low_tail_prob": 0.4308258699302451,
      "bets": 284,
      "win_rate": 0.5950704225352113,
      "roi": 13.604353393085782,
      "brier": 0.24099384572296975,
      "log_loss": 0.6750507123098828,
      "avg_confidence": 0.5883863826394525,
      "avg_edge": 1.0113194536387289,
      "avg_hours_to_first_pitch": 25.403284428794993,
      "matched_closing_lines": 284,
      "beat_close_rate": 0.25704225352112675,
      "mean_clv_runs": 0.008802816901408451,
      "median_clv_runs": 0.0,
      "train_games": 14333,
      "snapshot_candidates": 233673
    },
    {
      "month": "2025-06",
      "games": 652,
      "mae": 3.522354007532815,
      "rmse": 4.201447346114593,
      "r2": -0.21499188827246885,
      "bias": -1.0710857272189096,
      "mean_predicted": 9.224459960347744,
      "mean_actual": 8.153374233128835,
      "mean_sigma": 4.308053970336914,
      "within_1sigma": 0.799079754601227,
      "within_2sigma": 0.9677914110429447,
      "mean_high_tail_prob": 0.3874067936580788,
      "mean_low_tail_prob": 0.4446333884226292,
      "bets": 187,
      "win_rate": 0.5828877005347594,
      "roi": 11.278561011181333,
      "brier": 0.25807717985390805,
      "log_loss": 0.7150814111538887,
      "avg_confidence": 0.7012112618587685,
      "avg_edge": 2.315709484832114,
      "avg_hours_to_first_pitch": 23.337592097445036,
      "matched_closing_lines": 187,
      "beat_close_rate": 0.42245989304812837,
      "mean_clv_runs": 0.14572192513368984,
      "median_clv_runs": 0.0,
      "train_games": 14999,
      "snapshot_candidates": 184019
    },
    {
      "month": "2025-07",
      "games": 624,
      "mae": 2.5286954582656365,
      "rmse": 3.4002499514868383,
      "r2": -0.062366054084678435,
      "bias": -0.16581838485606695,
      "mean_predicted": 8.755561974599658,
      "mean_actual": 8.58974358974359,
      "mean_sigma": 4.377488136291504,
      "within_1sigma": 0.8349358974358975,
      "within_2sigma": 0.9759615384615384,
      "mean_high_tail_prob": 0.3761955119915662,
      "mean_low_tail_prob": 0.44356113393308433,
      "bets": 180,
      "win_rate": 0.5555555555555556,
      "roi": 6.06060606060606,
      "brier": 0.2509284703394352,
      "log_loss": 0.6955974113822497,
      "avg_confidence": 0.6181725914053345,
      "avg_edge": 1.3450499812481298,
      "avg_hours_to_first_pitch": 22.789912037037038,
      "matched_closing_lines": 180,
      "beat_close_rate": 0.3333333333333333,
      "mean_clv_runs": 0.06111111111111111,
      "median_clv_runs": 0.0,
      "train_games": 15651,
      "snapshot_candidates": 249979
    },
    {
      "month": "2025-08",
      "games": 548,
      "mae": 3.1797131461590977,
      "rmse": 4.294403243362233,
      "r2": 0.06309889180170503,
      "bias": 0.18156246555504843,
      "mean_predicted": 8.406028775320864,
      "mean_actual": 8.587591240875913,
      "mean_sigma": 4.344862937927246,
      "within_1sigma": 0.7664233576642335,
      "within_2sigma": 0.9470802919708029,
      "mean_high_tail_prob": 0.36770858727342826,
      "mean_low_tail_prob": 0.43599578933178634,
      "bets": 29,
      "win_rate": 0.6206896551724138,
      "roi": 18.495297805642632,
      "brier": 0.23631430347748777,
      "log_loss": 0.6656374962428518,
      "avg_confidence": 0.6503594435626925,
      "avg_edge": 1.6582731560314665,
      "avg_hours_to_first_pitch": 22.758227969348653,
      "matched_closing_lines": 29,
      "beat_close_rate": 0.3448275862068966,
      "mean_clv_runs": 0.10344827586206896,
      "median_clv_runs": 0.0,
      "train_games": 16275,
      "snapshot_candidates": 18800
    },
    {
      "month": "2025-09",
      "games": 374,
      "mae": 3.4070430243691856,
      "rmse": 4.281299236422704,
      "r2": 0.01834599124109948,
      "bias": 0.2696932813707916,
      "mean_predicted": 8.532445756062364,
      "mean_actual": 8.802139037433156,
      "mean_sigma": 4.2845587730407715,
      "within_1sigma": 0.6951871657754011,
      "within_2sigma": 0.9438502673796791,
      "mean_high_tail_prob": 0.3536981491286942,
      "mean_low_tail_prob": 0.44155690505479606,
      "bets": 297,
      "win_rate": 0.5589225589225589,
      "roi": 6.703397612488521,
      "brier": 0.24682499943567346,
      "log_loss": 0.6867857661694621,
      "avg_confidence": 0.5769891199728442,
      "avg_edge": 0.8946372140738866,
      "avg_hours_to_first_pitch": 23.599776468387585,
      "matched_closing_lines": 297,
      "beat_close_rate": 0.2828282828282828,
      "mean_clv_runs": 0.037037037037037035,
      "median_clv_runs": 0.0,
      "train_games": 16823,
      "snapshot_candidates": 2051
    }
  ],
  "entry_betting": {
    "bets": 1202,
    "win_rate": 0.5657237936772047,
    "roi": 8.00181515655725,
    "brier": 0.24908387981162794,
    "log_loss": 0.6921813407715068,
    "avg_confidence": 0.6149526031661638,
    "avg_edge": 1.3223437483957636,
    "avg_hours_to_first_pitch": 24.18718963764097,
    "matched_closing_lines": 1202,
    "beat_close_rate": 0.31530782029950083,
    "mean_clv_runs": 0.061148086522462564,
    "median_clv_runs": 0.0
  }
}