{
  "year": 2022,
  "min_train_games": 250,
  "games": 2352,
  "weighted_mae": 3.4778291341905674,
  "weighted_rmse": 4.430875667568047,
  "weighted_bias": -0.22974311073499215,
  "weighted_mean_sigma": 4.727178112584717,
  "weighted_within_1sigma": 0.7278911564625851,
  "weighted_within_2sigma": 0.9664115646258503,
  "months": [
    {
      "month": "2022-04",
      "games": 239,
      "mae": 4.015596250645955,
      "rmse": 4.724605215413356,
      "r2": -0.3002530372679568,
      "bias": -1.976969491234845,
      "mean_predicted": 9.972785390816435,
      "mean_actual": 7.99581589958159,
      "mean_sigma": 4.840268611907959,
      "within_1sigma": 0.6401673640167364,
      "within_2sigma": 0.9790794979079498,
      "mean_high_tail_prob": 0.44063685814613573,
      "mean_low_tail_prob": 0.38816362389544473,
      "matched_games": 206,
      "win_rate": 0.39805825242718446,
      "roi": -24.007060900264783,
      "brier": 0.27105483858672735,
      "log_loss": 0.7359090972256724,
      "train_games": 2317
    },
    {
      "month": "2022-05",
      "games": 420,
      "mae": 3.5915708310426635,
      "rmse": 4.698933532362054,
      "r2": -0.014822445290284314,
      "bias": 0.2789087662900918,
      "mean_predicted": 8.575853138471814,
      "mean_actual": 8.854761904761904,
      "mean_sigma": 5.091660976409912,
      "within_1sigma": 0.7333333333333333,
      "within_2sigma": 0.9547619047619048,
      "mean_high_tail_prob": 0.4112502609799196,
      "mean_low_tail_prob": 0.428740081227961,
      "matched_games": 363,
      "win_rate": 0.5261707988980716,
      "roi": 0.4507888805409438,
      "brier": 0.2501175848266523,
      "log_loss": 0.6934165934409777,
      "train_games": 2556
    },
    {
      "month": "2022-06",
      "games": 404,
      "mae": 3.6171696155860182,
      "rmse": 4.6164763199138195,
      "r2": -0.009880228680852365,
      "bias": -0.027034528026132976,
      "mean_predicted": 9.002282052778607,
      "mean_actual": 8.975247524752476,
      "mean_sigma": 4.659318447113037,
      "within_1sigma": 0.6782178217821783,
      "within_2sigma": 0.9579207920792079,
      "mean_high_tail_prob": 0.42821598482474077,
      "mean_low_tail_prob": 0.42205596234759707,
      "matched_games": 342,
      "win_rate": 0.4824561403508772,
      "roi": -7.894736842105263,
      "brier": 0.25078809846539263,
      "log_loss": 0.6947240779659161,
      "train_games": 2976
    },
    {
      "month": "2022-07",
      "games": 390,
      "mae": 3.187051183590332,
      "rmse": 4.112637167330916,
      "r2": -0.009809490164054191,
      "bias": -0.27232767932365715,
      "mean_predicted": 8.908225115221093,
      "mean_actual": 8.635897435897435,
      "mean_sigma": 4.7444891929626465,
      "within_1sigma": 0.782051282051282,
      "within_2sigma": 0.982051282051282,
      "mean_high_tail_prob": 0.41798244247069727,
      "mean_low_tail_prob": 0.42154345608866756,
      "matched_games": 334,
      "win_rate": 0.5299401197604791,
      "roi": 1.1703864997278162,
      "brier": 0.25031362256680456,
      "log_loss": 0.6938316885381614,
      "train_games": 3380
    },
    {
      "month": "2022-08",
      "games": 420,
      "mae": 3.416259239288663,
      "rmse": 4.357131575420066,
      "r2": 0.023072898480567594,
      "bias": -0.04618308604683583,
      "mean_predicted": 8.493802133665882,
      "mean_actual": 8.447619047619048,
      "mean_sigma": 4.650382995605469,
      "within_1sigma": 0.7523809523809524,
      "within_2sigma": 0.969047619047619,
      "mean_high_tail_prob": 0.40890752035292716,
      "mean_low_tail_prob": 0.45018820985344926,
      "matched_games": 355,
      "win_rate": 0.5492957746478874,
      "roi": 4.865556978233037,
      "brier": 0.24793701026181214,
      "log_loss": 0.6890210526927198,
      "train_games": 3770
    },
    {
      "month": "2022-09",
      "games": 401,
      "mae": 3.334720520164325,
      "rmse": 4.296439821445914,
      "r2": 0.015852515002617307,
      "bias": -0.03043793767587329,
      "mean_predicted": 8.446896790543704,
      "mean_actual": 8.41645885286783,
      "mean_sigma": 4.4538750648498535,
      "within_1sigma": 0.7256857855361596,
      "within_2sigma": 0.9600997506234414,
      "mean_high_tail_prob": 0.3957426453657613,
      "mean_low_tail_prob": 0.4404845426029996,
      "matched_games": 338,
      "win_rate": 0.5621301775147929,
      "roi": 7.315761161915006,
      "brier": 0.24653497516807973,
      "log_loss": 0.6861759847883315,
      "train_games": 4190
    },
    {
      "month": "2022-10",
      "games": 78,
      "mae": 3.0170330165358856,
      "rmse": 3.8055677110732504,
      "r2": -0.04401382354707706,
      "bias": -0.46499380101194604,
      "mean_predicted": 8.464993801011946,
      "mean_actual": 8.0,
      "mean_sigma": 4.501550197601318,
      "within_1sigma": 0.8333333333333334,
      "within_2sigma": 0.9743589743589743,
      "mean_high_tail_prob": 0.39390941469818275,
      "mean_low_tail_prob": 0.44560626871310743,
      "matched_games": 72,
      "win_rate": 0.3888888888888889,
      "roi": -25.757575757575758,
      "brier": 0.25968165822641903,
      "log_loss": 0.7129687594169773,
      "train_games": 4591
    }
  ],
  "betting": {
    "matched_games": 2010,
    "win_rate": 0.5114427860696518,
    "roi": -2.3609226594301242,
    "brier": 0.25176507427635525,
    "log_loss": 0.6967694643413167
  }
}