{
  "year": 2023,
  "min_train_games": 250,
  "games": 3880,
  "weighted_mae": 3.016918142713714,
  "weighted_rmse": 3.870335141649575,
  "weighted_bias": -0.33317044548569075,
  "weighted_mean_sigma": 4.265304151761163,
  "weighted_within_1sigma": 0.7283505154639175,
  "weighted_within_2sigma": 0.9688144329896907,
  "months": [
    {
      "month": "2023-04",
      "games": 346,
      "mae": 3.636715476677057,
      "rmse": 4.6180205958710046,
      "r2": -0.01784304737195508,
      "bias": 0.120050874568658,
      "mean_predicted": 9.027347969361978,
      "mean_actual": 9.147398843930636,
      "mean_sigma": 4.400580883026123,
      "within_1sigma": 0.6705202312138728,
      "within_2sigma": 0.9450867052023122,
      "mean_high_tail_prob": 0.42854771875152525,
      "mean_low_tail_prob": 0.3987411550049147,
      "matched_games": 308,
      "win_rate": 0.5032467532467533,
      "roi": -3.9256198347107447,
      "brier": 0.2607844827220071,
      "log_loss": 0.71530800826333,
      "train_games": 6964
    },
    {
      "month": "2023-05",
      "games": 670,
      "mae": 3.5406263564874383,
      "rmse": 4.171767681899773,
      "r2": -0.009533294472512388,
      "bias": -1.2698762948418563,
      "mean_predicted": 8.811667339617976,
      "mean_actual": 7.54179104477612,
      "mean_sigma": 3.8827550411224365,
      "within_1sigma": 0.5253731343283582,
      "within_2sigma": 0.9611940298507463,
      "mean_high_tail_prob": 0.45397879323508145,
      "mean_low_tail_prob": 0.4498074128147145,
      "matched_games": 612,
      "win_rate": 0.5130718954248366,
      "roi": -2.0499108734402878,
      "brier": 0.25080613636981264,
      "log_loss": 0.694350997377782,
      "train_games": 7310
    },
    {
      "month": "2023-06",
      "games": 389,
      "mae": 3.6464499984240226,
      "rmse": 4.46668622603735,
      "r2": 0.005935799802876174,
      "bias": -0.014679069190195525,
      "mean_predicted": 9.078946421375285,
      "mean_actual": 9.06426735218509,
      "mean_sigma": 4.502479553222656,
      "within_1sigma": 0.6889460154241646,
      "within_2sigma": 0.9640102827763496,
      "mean_high_tail_prob": 0.4067441483066043,
      "mean_low_tail_prob": 0.5081107681109653,
      "matched_games": 326,
      "win_rate": 0.5245398773006135,
      "roi": 0.1394311210262083,
      "brier": 0.25540276237509435,
      "log_loss": 0.7050117829567745,
      "train_games": 7980
    },
    {
      "month": "2023-07",
      "games": 1132,
      "mae": 2.7463681385100625,
      "rmse": 3.5497749286298363,
      "r2": -0.142268252127963,
      "bias": -0.3167023456331211,
      "mean_predicted": 9.407691744926407,
      "mean_actual": 9.090989399293287,
      "mean_sigma": 4.295573711395264,
      "within_1sigma": 0.7835689045936396,
      "within_2sigma": 0.9823321554770318,
      "mean_high_tail_prob": 0.4247706372466579,
      "mean_low_tail_prob": 0.48050116628127854,
      "matched_games": 946,
      "win_rate": 0.4175475687103594,
      "roi": -20.286373246204114,
      "brier": 0.30415871941518685,
      "log_loss": 0.8164681656145449,
      "train_games": 8369
    },
    {
      "month": "2023-08",
      "games": 666,
      "mae": 2.862776397896348,
      "rmse": 3.636035365619117,
      "r2": -0.001707404017679215,
      "bias": -0.5336349690302963,
      "mean_predicted": 9.006607942003269,
      "mean_actual": 8.472972972972974,
      "mean_sigma": 4.393078327178955,
      "within_1sigma": 0.8258258258258259,
      "within_2sigma": 0.972972972972973,
      "mean_high_tail_prob": 0.40447969793301985,
      "mean_low_tail_prob": 0.4021921852499021,
      "matched_games": 608,
      "win_rate": 0.375,
      "roi": -28.40909090909091,
      "brier": 0.31198057107159455,
      "log_loss": 0.8471331160036459,
      "train_games": 9501
    },
    {
      "month": "2023-09",
      "games": 662,
      "mae": 2.3753972574821334,
      "rmse": 3.5670946707963354,
      "r2": 0.055838808211134516,
      "bias": 0.40566179653483353,
      "mean_predicted": 8.462918263888128,
      "mean_actual": 8.86858006042296,
      "mean_sigma": 4.251650810241699,
      "within_1sigma": 0.7990936555891238,
      "within_2sigma": 0.9667673716012085,
      "mean_high_tail_prob": 0.35786865427968234,
      "mean_low_tail_prob": 0.46610595322468135,
      "matched_games": 608,
      "win_rate": 0.5279605263157895,
      "roi": 0.792464114832535,
      "brier": 0.2595777033788204,
      "log_loss": 0.736860473619967,
      "train_games": 10167
    },
    {
      "month": "2023-10",
      "games": 15,
      "mae": 4.575955487992634,
      "rmse": 5.671899323274991,
      "r2": -0.1976091057259497,
      "bias": -2.15678802009303,
      "mean_predicted": 10.090121353426362,
      "mean_actual": 7.933333333333334,
      "mean_sigma": 4.726417064666748,
      "within_1sigma": 0.5333333333333333,
      "within_2sigma": 0.8666666666666667,
      "mean_high_tail_prob": 0.5172206317296787,
      "mean_low_tail_prob": 0.37783138594789833,
      "matched_games": 15,
      "win_rate": 0.26666666666666666,
      "roi": -49.09090909090909,
      "brier": 0.28405562107388077,
      "log_loss": 0.7627920529963811,
      "train_games": 10829
    }
  ],
  "betting": {
    "matched_games": 3423,
    "win_rate": 0.46392053754016943,
    "roi": -11.433351924149473,
    "brier": 0.27945623442001505,
    "log_loss": 0.7659890114349046
  }
}