{
  "year": 2022,
  "min_train_games": 250,
  "entry_rule": "closest_before_minutes",
  "minutes_before": 60,
  "min_confidence": 0.53,
  "min_edge": 0.5,
  "allowed_methods": [
    "edge_model"
  ],
  "games": 2607,
  "weighted_mae": 3.9231271498667852,
  "weighted_rmse": 4.779136607058301,
  "weighted_bias": -0.2883327669158686,
  "weighted_mean_sigma": 4.493927451720126,
  "weighted_within_1sigma": 0.5960874568469505,
  "weighted_within_2sigma": 0.9509014192558496,
  "months": [
    {
      "month": "2022-04",
      "games": 239,
      "mae": 5.153247215095256,
      "rmse": 6.085845455045185,
      "r2": -1.1574396998996468,
      "bias": -3.6391787391035386,
      "mean_predicted": 11.634994638685129,
      "mean_actual": 7.99581589958159,
      "mean_sigma": 4.374640464782715,
      "within_1sigma": 0.45188284518828453,
      "within_2sigma": 0.8410041841004184,
      "mean_high_tail_prob": 0.6843891402714933,
      "mean_low_tail_prob": 0.4097222222222222,
      "bets": 0,
      "win_rate": NaN,
      "roi": NaN,
      "brier": NaN,
      "log_loss": NaN,
      "avg_confidence": NaN,
      "avg_edge": NaN,
      "avg_hours_to_first_pitch": NaN,
      "matched_closing_lines": 0,
      "beat_close_rate": NaN,
      "mean_clv_runs": NaN,
      "median_clv_runs": NaN,
      "train_games": 4357,
      "snapshot_candidates": 1056
    },
    {
      "month": "2022-05",
      "games": 675,
      "mae": 4.486550986566946,
      "rmse": 5.1555006129951915,
      "r2": -0.3450401787146271,
      "bias": 2.051520045760948,
      "mean_predicted": 8.74699847275757,
      "mean_actual": 10.798518518518518,
      "mean_sigma": 4.507047653198242,
      "within_1sigma": 0.42518518518518517,
      "within_2sigma": 0.9629629629629629,
      "mean_high_tail_prob": 0.4236347099521894,
      "mean_low_tail_prob": 0.4871835363528475,
      "bets": 0,
      "win_rate": NaN,
      "roi": NaN,
      "brier": NaN,
      "log_loss": NaN,
      "avg_confidence": NaN,
      "avg_edge": NaN,
      "avg_hours_to_first_pitch": NaN,
      "matched_closing_lines": 0,
      "beat_close_rate": NaN,
      "mean_clv_runs": NaN,
      "median_clv_runs": NaN,
      "train_games": 4596,
      "snapshot_candidates": 150674
    },
    {
      "month": "2022-06",
      "games": 404,
      "mae": 3.841723542287428,
      "rmse": 4.792636020799882,
      "r2": -0.08842257363206785,
      "bias": -0.9961322033497163,
      "mean_predicted": 9.97137972810219,
      "mean_actual": 8.975247524752476,
      "mean_sigma": 4.515892028808594,
      "within_1sigma": 0.6485148514851485,
      "within_2sigma": 0.9381188118811881,
      "mean_high_tail_prob": 0.5112924491598053,
      "mean_low_tail_prob": 0.3299506731098889,
      "bets": 333,
      "win_rate": 0.4894894894894895,
      "roi": -6.552006552006551,
      "brier": 0.28998698578134696,
      "log_loss": 0.8125185971434441,
      "avg_confidence": 0.6909236102207964,
      "avg_edge": 2.516928290793918,
      "avg_hours_to_first_pitch": 1.9714714714714714,
      "matched_closing_lines": 333,
      "beat_close_rate": 0.05405405405405406,
      "mean_clv_runs": -0.010510510510510511,
      "median_clv_runs": 0.0,
      "train_games": 5271,
      "snapshot_candidates": 2016
    },
    {
      "month": "2022-07",
      "games": 390,
      "mae": 3.2387638282395037,
      "rmse": 4.1633769840479635,
      "r2": -0.03488032376749639,
      "bias": -0.6644902056502833,
      "mean_predicted": 9.30038764154772,
      "mean_actual": 8.635897435897435,
      "mean_sigma": 4.109094142913818,
      "within_1sigma": 0.6717948717948717,
      "within_2sigma": 0.9641025641025641,
      "mean_high_tail_prob": 0.4206916242908002,
      "mean_low_tail_prob": 0.41617640372458514,
      "bets": 57,
      "win_rate": 0.45614035087719296,
      "roi": -12.918660287081341,
      "brier": 0.25584674262067325,
      "log_loss": 0.7048765580495623,
      "avg_confidence": 0.5442902881536823,
      "avg_edge": 0.6959922240761092,
      "avg_hours_to_first_pitch": 2.1204678362573097,
      "matched_closing_lines": 57,
      "beat_close_rate": 0.08771929824561403,
      "mean_clv_runs": 0.021929824561403508,
      "median_clv_runs": 0.0,
      "train_games": 5675,
      "snapshot_candidates": 1982
    },
    {
      "month": "2022-08",
      "games": 420,
      "mae": 3.6450260069145766,
      "rmse": 4.551847028807193,
      "r2": -0.06619373248639326,
      "bias": -0.927358604388867,
      "mean_predicted": 9.374977652007916,
      "mean_actual": 8.447619047619048,
      "mean_sigma": 4.70915412902832,
      "within_1sigma": 0.680952380952381,
      "within_2sigma": 0.9714285714285714,
      "mean_high_tail_prob": 0.46666470498887147,
      "mean_low_tail_prob": 0.6076325499654894,
      "bets": 216,
      "win_rate": 0.5231481481481481,
      "roi": -0.12626262626262985,
      "brier": 0.2499093580227577,
      "log_loss": 0.6929705643429541,
      "avg_confidence": 0.5442477876106196,
      "avg_edge": 0.569984090753483,
      "avg_hours_to_first_pitch": 2.036574074074074,
      "matched_closing_lines": 216,
      "beat_close_rate": 0.10185185185185185,
      "mean_clv_runs": 0.02546296296296296,
      "median_clv_runs": 0.0,
      "train_games": 6065,
      "snapshot_candidates": 2290
    },
    {
      "month": "2022-09",
      "games": 401,
      "mae": 3.417131165334384,
      "rmse": 4.357748662207023,
      "r2": -0.012434829183666007,
      "bias": -0.29781076904336196,
      "mean_predicted": 8.714269621911193,
      "mean_actual": 8.41645885286783,
      "mean_sigma": 4.663000583648682,
      "within_1sigma": 0.7256857855361596,
      "within_2sigma": 0.9675810473815462,
      "mean_high_tail_prob": 0.4997608669813164,
      "mean_low_tail_prob": 0.3552712007090102,
      "bets": 293,
      "win_rate": 0.5597269624573379,
      "roi": 6.856965560037233,
      "brier": 0.24689905356126715,
      "log_loss": 0.6869438608376152,
      "avg_confidence": 0.565162846402112,
      "avg_edge": 0.7885744349392253,
      "avg_hours_to_first_pitch": 2.1844188471748196,
      "matched_closing_lines": 293,
      "beat_close_rate": 0.07508532423208192,
      "mean_clv_runs": 0.021331058020477817,
      "median_clv_runs": 0.0,
      "train_games": 6485,
      "snapshot_candidates": 2153
    },
    {
      "month": "2022-10",
      "games": 78,
      "mae": 3.2203814751476596,
      "rmse": 3.917361733942871,
      "r2": -0.10625359561522352,
      "bias": -1.2332629872558394,
      "mean_predicted": 9.233262987255838,
      "mean_actual": 8.0,
      "mean_sigma": 4.528173923492432,
      "within_1sigma": 0.7435897435897436,
      "within_2sigma": 0.9871794871794872,
      "mean_high_tail_prob": 0.4659780629537498,
      "mean_low_tail_prob": 0.5283598255843687,
      "bets": 42,
      "win_rate": 0.5476190476190477,
      "roi": 4.545454545454548,
      "brier": 0.24626324616420142,
      "log_loss": 0.6856264028256274,
      "avg_confidence": 0.5538085145357724,
      "avg_edge": 0.6170765485740485,
      "avg_hours_to_first_pitch": 2.0835846560846565,
      "matched_closing_lines": 42,
      "beat_close_rate": 0.07142857142857142,
      "mean_clv_runs": -0.05357142857142857,
      "median_clv_runs": 0.0,
      "train_games": 6886,
      "snapshot_candidates": 456
    }
  ],
  "entry_betting": {
    "bets": 941,
    "win_rate": 0.5196599362380446,
    "roi": -0.7921939909187561,
    "brier": 0.26335157381491003,
    "log_loss": 0.7337929422951834,
    "avg_confidence": 0.6030949015499472,
    "avg_edge": 1.3367638317606463,
    "avg_hours_to_first_pitch": 2.066750206635966,
    "matched_closing_lines": 941,
    "beat_close_rate": 0.07438894792773645,
    "mean_clv_runs": 0.0077045696068012755,
    "median_clv_runs": 0.0
  }
}