{
  "year": 2024,
  "min_train_games": 250,
  "entry_rule": "closest_before_minutes",
  "minutes_before": 60,
  "min_confidence": 0.53,
  "min_edge": 0.5,
  "games": 3112,
  "weighted_mae": 3.743198658559067,
  "weighted_rmse": 4.420693177931605,
  "weighted_bias": -1.2765981966061482,
  "weighted_mean_sigma": 4.295862733398428,
  "weighted_within_1sigma": 0.6192159383033419,
  "weighted_within_2sigma": 0.9707583547557841,
  "months": [
    {
      "month": "2024-04",
      "games": 373,
      "mae": 3.4707733443477253,
      "rmse": 4.25856069890924,
      "r2": -0.0027874509327818764,
      "bias": -0.5946273459550372,
      "mean_predicted": 9.192482573837074,
      "mean_actual": 8.597855227882038,
      "mean_sigma": 4.26225471496582,
      "within_1sigma": 0.675603217158177,
      "within_2sigma": 0.9651474530831099,
      "mean_high_tail_prob": 0.42246607715645784,
      "mean_low_tail_prob": 0.39211443522747896,
      "bets": 20,
      "win_rate": 0.7,
      "roi": 33.63636363636363,
      "brier": 0.2008787827183248,
      "log_loss": 0.591689471167364,
      "avg_confidence": 0.6296540989277067,
      "avg_edge": 1.4087315895804238,
      "avg_hours_to_first_pitch": 2.4966944444444445,
      "matched_closing_lines": 20,
      "beat_close_rate": 0.1,
      "mean_clv_runs": -0.0625,
      "median_clv_runs": 0.0,
      "train_games": 10844,
      "snapshot_candidates": 2045
    },
    {
      "month": "2024-05",
      "games": 664,
      "mae": 4.137200663431826,
      "rmse": 4.722741549984163,
      "r2": -0.41914720041174536,
      "bias": -2.3286638388277,
      "mean_predicted": 9.09221805569517,
      "mean_actual": 6.76355421686747,
      "mean_sigma": 4.057857513427734,
      "within_1sigma": 0.42168674698795183,
      "within_2sigma": 0.9698795180722891,
      "mean_high_tail_prob": 0.44027231007549594,
      "mean_low_tail_prob": 0.4240182390307331,
      "bets": 185,
      "win_rate": 0.5567567567567567,
      "roi": 6.289926289926292,
      "brier": 0.25070700689707714,
      "log_loss": 0.6948733201438628,
      "avg_confidence": 0.6194331983805669,
      "avg_edge": 1.392633700072277,
      "avg_hours_to_first_pitch": 2.1033603603603606,
      "matched_closing_lines": 185,
      "beat_close_rate": 0.06486486486486487,
      "mean_clv_runs": 0.004054054054054054,
      "median_clv_runs": 0.0,
      "train_games": 11217,
      "snapshot_candidates": 183872
    },
    {
      "month": "2024-06",
      "games": 527,
      "mae": 3.7065964794436543,
      "rmse": 4.37273665588806,
      "r2": -0.12668764119794784,
      "bias": -0.9788021877293349,
      "mean_predicted": 8.9522367228337,
      "mean_actual": 7.9734345351043645,
      "mean_sigma": 4.2002153396606445,
      "within_1sigma": 0.5275142314990512,
      "within_2sigma": 0.9772296015180265,
      "mean_high_tail_prob": 0.4064308874331464,
      "mean_low_tail_prob": 0.41269257989270114,
      "bets": 342,
      "win_rate": 0.5175438596491229,
      "roi": -1.1961722488038284,
      "brier": 0.26136530357494686,
      "log_loss": 0.7167240452752133,
      "avg_confidence": 0.6255859375,
      "avg_edge": 1.477033748485662,
      "avg_hours_to_first_pitch": 2.129286062378168,
      "matched_closing_lines": 342,
      "beat_close_rate": 0.09064327485380116,
      "mean_clv_runs": 0.024853801169590642,
      "median_clv_runs": 0.0,
      "train_games": 11881,
      "snapshot_candidates": 116930
    },
    {
      "month": "2024-07",
      "games": 369,
      "mae": 3.3323364755841633,
      "rmse": 4.29218376877469,
      "r2": 0.06381136062404968,
      "bias": 0.1483381582521583,
      "mean_predicted": 8.995293278062205,
      "mean_actual": 9.143631436314363,
      "mean_sigma": 4.296789169311523,
      "within_1sigma": 0.6910569105691057,
      "within_2sigma": 0.9566395663956639,
      "mean_high_tail_prob": 0.39969065096402706,
      "mean_low_tail_prob": 0.433224759562131,
      "bets": 158,
      "win_rate": 0.6012658227848101,
      "roi": 14.787111622554658,
      "brier": 0.2598512961065976,
      "log_loss": 0.7230827293425268,
      "avg_confidence": 0.711178042075162,
      "avg_edge": 2.605939057712496,
      "avg_hours_to_first_pitch": 2.2376564697609003,
      "matched_closing_lines": 158,
      "beat_close_rate": 0.0759493670886076,
      "mean_clv_runs": -0.006329113924050633,
      "median_clv_runs": 0.0,
      "train_games": 12408,
      "snapshot_candidates": 2330
    },
    {
      "month": "2024-08",
      "games": 796,
      "mae": 3.9845232108278865,
      "rmse": 4.47521309632312,
      "r2": -0.3190262805908153,
      "bias": -2.07698234688901,
      "mean_predicted": 8.839545160959362,
      "mean_actual": 6.7625628140703515,
      "mean_sigma": 4.588074207305908,
      "within_1sigma": 0.7474874371859297,
      "within_2sigma": 0.9824120603015075,
      "mean_high_tail_prob": 0.3877687585771217,
      "mean_low_tail_prob": 0.4370155967435361,
      "bets": 188,
      "win_rate": 0.5212765957446809,
      "roi": -0.4835589941972907,
      "brier": 0.26519644380989266,
      "log_loss": 0.7308638556032597,
      "avg_confidence": 0.6049569316193996,
      "avg_edge": 1.2908820724340508,
      "avg_hours_to_first_pitch": 2.36846926713948,
      "matched_closing_lines": 188,
      "beat_close_rate": 0.0797872340425532,
      "mean_clv_runs": 0.02526595744680851,
      "median_clv_runs": 0.0,
      "train_games": 12777,
      "snapshot_candidates": 235590
    },
    {
      "month": "2024-09",
      "games": 383,
      "mae": 3.2700928133133766,
      "rmse": 4.131425553097791,
      "r2": 0.08516467878742784,
      "bias": -0.235965739304299,
      "mean_predicted": 8.63544354609281,
      "mean_actual": 8.399477806788513,
      "mean_sigma": 4.264623165130615,
      "within_1sigma": 0.6971279373368147,
      "within_2sigma": 0.95822454308094,
      "mean_high_tail_prob": 0.3521977511025553,
      "mean_low_tail_prob": 0.47313945032473026,
      "bets": 46,
      "win_rate": 0.6521739130434783,
      "roi": 24.50592885375494,
      "brier": 0.2451162685197934,
      "log_loss": 0.724161890728156,
      "avg_confidence": 0.6666677618204698,
      "avg_edge": 1.9777301977067925,
      "avg_hours_to_first_pitch": 2.20677536231884,
      "matched_closing_lines": 46,
      "beat_close_rate": 0.08695652173913043,
      "mean_clv_runs": 0.04891304347826087,
      "median_clv_runs": 0.0,
      "train_games": 13573,
      "snapshot_candidates": 2406
    }
  ],
  "entry_betting": {
    "bets": 939,
    "win_rate": 0.5505857294994675,
    "roi": 5.111821086261981,
    "brier": 0.25769338692861593,
    "log_loss": 0.7140211929681706,
    "avg_confidence": 0.6367447978062015,
    "avg_edge": 1.6361631502851595,
    "avg_hours_to_first_pitch": 2.20192225772098,
    "matched_closing_lines": 939,
    "beat_close_rate": 0.08093716719914804,
    "mean_clv_runs": 0.014909478168264111,
    "median_clv_runs": 0.0
  }
}