{
  "year": 2024,
  "min_train_games": 250,
  "games": 2347,
  "weighted_mae": 3.376976149505614,
  "weighted_rmse": 4.24401187058497,
  "weighted_bias": -0.09393631903692447,
  "weighted_mean_sigma": 4.438699977266875,
  "weighted_within_1sigma": 0.7038772901576481,
  "weighted_within_2sigma": 0.9676182360460162,
  "months": [
    {
      "month": "2024-04",
      "games": 373,
      "mae": 3.4561521395282244,
      "rmse": 4.273224491988634,
      "r2": -0.009705273886639887,
      "bias": -0.3739956559470325,
      "mean_predicted": 8.97185088382907,
      "mean_actual": 8.597855227882038,
      "mean_sigma": 4.546424865722656,
      "within_1sigma": 0.6997319034852547,
      "within_2sigma": 0.9731903485254692,
      "mean_high_tail_prob": 0.4088513479759548,
      "mean_low_tail_prob": 0.4471403812824955,
      "matched_games": 330,
      "win_rate": 0.5060606060606061,
      "roi": -3.3884297520661173,
      "brier": 0.2554584869398999,
      "log_loss": 0.7039382601523654,
      "train_games": 7019
    },
    {
      "month": "2024-05",
      "games": 409,
      "mae": 3.361639867743869,
      "rmse": 4.272238863993187,
      "r2": -0.02624381764452588,
      "bias": -0.21501939556776528,
      "mean_predicted": 8.701571962804929,
      "mean_actual": 8.486552567237164,
      "mean_sigma": 4.452171802520752,
      "within_1sigma": 0.7237163814180929,
      "within_2sigma": 0.960880195599022,
      "mean_high_tail_prob": 0.3999311975098308,
      "mean_low_tail_prob": 0.4547206165703274,
      "matched_games": 361,
      "win_rate": 0.5096952908587258,
      "roi": -2.6945353815159887,
      "brier": 0.2566218286182354,
      "log_loss": 0.7068568595226379,
      "train_games": 7392
    },
    {
      "month": "2024-06",
      "games": 400,
      "mae": 3.403726552510419,
      "rmse": 4.223671613552971,
      "r2": 0.04401186053797412,
      "bias": 0.24851391504577183,
      "mean_predicted": 8.668986084954229,
      "mean_actual": 8.9175,
      "mean_sigma": 4.460019111633301,
      "within_1sigma": 0.715,
      "within_2sigma": 0.9675,
      "mean_high_tail_prob": 0.37225312689620066,
      "mean_low_tail_prob": 0.4803758982863461,
      "matched_games": 344,
      "win_rate": 0.49127906976744184,
      "roi": -6.210359408033829,
      "brier": 0.24882427636184057,
      "log_loss": 0.6904016592645787,
      "train_games": 7801
    },
    {
      "month": "2024-07",
      "games": 369,
      "mae": 3.362567849683876,
      "rmse": 4.336784096786309,
      "r2": 0.04425429670115366,
      "bias": 0.21810348716484684,
      "mean_predicted": 8.925527949149515,
      "mean_actual": 9.143631436314363,
      "mean_sigma": 4.447035312652588,
      "within_1sigma": 0.6991869918699187,
      "within_2sigma": 0.964769647696477,
      "mean_high_tail_prob": 0.3754906549085191,
      "mean_low_tail_prob": 0.45630301115287747,
      "matched_games": 311,
      "win_rate": 0.572347266881029,
      "roi": 9.26629640456007,
      "brier": 0.23796484065333634,
      "log_loss": 0.668260609897789,
      "train_games": 8201
    },
    {
      "month": "2024-08",
      "games": 413,
      "mae": 3.3389233808884957,
      "rmse": 4.169804806578651,
      "r2": 0.061058416265939996,
      "bias": 0.05770492157658766,
      "mean_predicted": 8.95682292345973,
      "mean_actual": 9.01452784503632,
      "mean_sigma": 4.369248390197754,
      "within_1sigma": 0.6949152542372882,
      "within_2sigma": 0.9733656174334141,
      "mean_high_tail_prob": 0.38573290054368464,
      "mean_low_tail_prob": 0.4543219991806637,
      "matched_games": 348,
      "win_rate": 0.5574712643678161,
      "roi": 6.426332288401248,
      "brier": 0.24710449297512746,
      "log_loss": 0.6873400210632559,
      "train_games": 8570
    },
    {
      "month": "2024-09",
      "games": 383,
      "mae": 3.343222075963289,
      "rmse": 4.197300436359349,
      "r2": 0.05575830357657674,
      "bias": -0.5136895919516203,
      "mean_predicted": 8.913167398740132,
      "mean_actual": 8.399477806788513,
      "mean_sigma": 4.363996982574463,
      "within_1sigma": 0.6892950391644909,
      "within_2sigma": 0.9660574412532638,
      "mean_high_tail_prob": 0.399659739672211,
      "mean_low_tail_prob": 0.4447151968475713,
      "matched_games": 335,
      "win_rate": 0.4746268656716418,
      "roi": -9.38941655359566,
      "brier": 0.2546535190875106,
      "log_loss": 0.7024507969784288,
      "train_games": 8983
    }
  ],
  "betting": {
    "matched_games": 2029,
    "win_rate": 0.5179891572203056,
    "roi": -1.111160894305304,
    "brier": 0.2502935878672603,
    "log_loss": 0.6936015361857896
  }
}