{
  "year": 2023,
  "min_train_games": 250,
  "entry_rule": "closest_before_minutes",
  "minutes_before": 60,
  "min_confidence": 0.53,
  "min_edge": 0.5,
  "allowed_methods": [
    "edge_model"
  ],
  "games": 2350,
  "weighted_mae": 3.5809122879020294,
  "weighted_rmse": 4.560704758565085,
  "weighted_bias": 0.6544092138551962,
  "weighted_mean_sigma": 4.544291968244187,
  "weighted_within_1sigma": 0.6957446808510638,
  "weighted_within_2sigma": 0.9514893617021276,
  "months": [
    {
      "month": "2023-04",
      "games": 346,
      "mae": 3.6788043783553697,
      "rmse": 4.764367127000383,
      "r2": -0.08337677808012067,
      "bias": 1.1541404888345017,
      "mean_predicted": 7.993258355096134,
      "mean_actual": 9.147398843930636,
      "mean_sigma": 4.627285480499268,
      "within_1sigma": 0.6791907514450867,
      "within_2sigma": 0.9364161849710982,
      "mean_high_tail_prob": 0.3742179087272841,
      "mean_low_tail_prob": 0.45589286081727437,
      "bets": 238,
      "win_rate": 0.5168067226890757,
      "roi": -1.3368983957219274,
      "brier": 0.2510397346448497,
      "log_loss": 0.695245759878067,
      "avg_confidence": 0.5518464011917279,
      "avg_edge": 0.6342616384008563,
      "avg_hours_to_first_pitch": 2.104285714285714,
      "matched_closing_lines": 238,
      "beat_close_rate": 0.07142857142857142,
      "mean_clv_runs": 0.0010504201680672268,
      "median_clv_runs": 0.0,
      "train_games": 4669,
      "snapshot_candidates": 2765
    },
    {
      "month": "2023-05",
      "games": 415,
      "mae": 3.6502152809364006,
      "rmse": 4.6223798580860125,
      "r2": 0.002642180559811247,
      "bias": 0.5459634613968428,
      "mean_predicted": 8.557650996434482,
      "mean_actual": 9.103614457831325,
      "mean_sigma": 4.542829513549805,
      "within_1sigma": 0.6795180722891566,
      "within_2sigma": 0.946987951807229,
      "mean_high_tail_prob": 0.3874189888567616,
      "mean_low_tail_prob": 0.43261316893954127,
      "bets": 196,
      "win_rate": 0.5357142857142857,
      "roi": 2.272727272727272,
      "brier": 0.2485255172802258,
      "log_loss": 0.6901728387552188,
      "avg_confidence": 0.5612614926767231,
      "avg_edge": 0.7024031971205795,
      "avg_hours_to_first_pitch": 2.279520975056689,
      "matched_closing_lines": 196,
      "beat_close_rate": 0.07142857142857142,
      "mean_clv_runs": 0.02423469387755102,
      "median_clv_runs": 0.0,
      "train_games": 5015,
      "snapshot_candidates": 3067
    },
    {
      "month": "2023-06",
      "games": 389,
      "mae": 3.578558131127499,
      "rmse": 4.427170252198555,
      "r2": 0.023446614364411644,
      "bias": 0.3947811570112277,
      "mean_predicted": 8.669486195173864,
      "mean_actual": 9.06426735218509,
      "mean_sigma": 4.469976902008057,
      "within_1sigma": 0.6838046272493573,
      "within_2sigma": 0.9588688946015425,
      "mean_high_tail_prob": 0.3854263027322213,
      "mean_low_tail_prob": 0.44112268257366605,
      "bets": 172,
      "win_rate": 0.5465116279069767,
      "roi": 4.334038054968286,
      "brier": 0.24880328610622082,
      "log_loss": 0.6908714101101084,
      "avg_confidence": 0.6251599238396063,
      "avg_edge": 1.4945367541094299,
      "avg_hours_to_first_pitch": 2.0138129844961243,
      "matched_closing_lines": 172,
      "beat_close_rate": 0.12209302325581395,
      "mean_clv_runs": 0.03197674418604651,
      "median_clv_runs": 0.0,
      "train_games": 5430,
      "snapshot_candidates": 2699
    },
    {
      "month": "2023-07",
      "games": 367,
      "mae": 3.607165555644052,
      "rmse": 4.6320881211668095,
      "r2": 0.00046361857746513024,
      "bias": 0.6071803114234897,
      "mean_predicted": 8.673473639530188,
      "mean_actual": 9.280653950953678,
      "mean_sigma": 4.444073677062988,
      "within_1sigma": 0.6757493188010899,
      "within_2sigma": 0.9482288828337875,
      "mean_high_tail_prob": 0.4012653909446136,
      "mean_low_tail_prob": 0.4436376347879418,
      "bets": 241,
      "win_rate": 0.5767634854771784,
      "roi": 10.109392682006789,
      "brier": 0.2453654755354347,
      "log_loss": 0.6839547638853384,
      "avg_confidence": 0.6113961377596205,
      "avg_edge": 1.3070685143374288,
      "avg_hours_to_first_pitch": 1.9886065006915632,
      "matched_closing_lines": 241,
      "beat_close_rate": 0.06224066390041494,
      "mean_clv_runs": -0.012448132780082987,
      "median_clv_runs": 0.0,
      "train_games": 5819,
      "snapshot_candidates": 2474
    },
    {
      "month": "2023-08",
      "games": 411,
      "mae": 3.4452962689117212,
      "rmse": 4.423853785060457,
      "r2": -0.019000365744388903,
      "bias": 0.77667289297399,
      "mean_predicted": 8.610188420894623,
      "mean_actual": 9.386861313868613,
      "mean_sigma": 4.537871360778809,
      "within_1sigma": 0.7104622871046229,
      "within_2sigma": 0.9635036496350365,
      "mean_high_tail_prob": 0.38759062504238767,
      "mean_low_tail_prob": 0.43854844571237456,
      "bets": 167,
      "win_rate": 0.5808383233532934,
      "roi": 10.887316276537828,
      "brier": 0.2429287897967225,
      "log_loss": 0.6788422311487512,
      "avg_confidence": 0.5869002845939814,
      "avg_edge": 0.9939084502484292,
      "avg_hours_to_first_pitch": 2.2422388556220896,
      "matched_closing_lines": 167,
      "beat_close_rate": 0.0658682634730539,
      "mean_clv_runs": 0.029940119760479042,
      "median_clv_runs": 0.0,
      "train_games": 6186,
      "snapshot_candidates": 2933
    },
    {
      "month": "2023-09",
      "games": 407,
      "mae": 3.522123601001612,
      "rmse": 4.50278978120109,
      "r2": 0.04143289352814994,
      "bias": 0.5724064704322941,
      "mean_predicted": 8.84036994234412,
      "mean_actual": 9.412776412776413,
      "mean_sigma": 4.63635778427124,
      "within_1sigma": 0.7444717444717445,
      "within_2sigma": 0.9533169533169533,
      "mean_high_tail_prob": 0.39117531222614643,
      "mean_low_tail_prob": 0.43022810449728044,
      "bets": 33,
      "win_rate": 0.5151515151515151,
      "roi": -1.652892561983475,
      "brier": 0.25507753910279085,
      "log_loss": 0.7034882011550891,
      "avg_confidence": 0.5737344446060717,
      "avg_edge": 0.926000498947472,
      "avg_hours_to_first_pitch": 2.499570707070707,
      "matched_closing_lines": 33,
      "beat_close_rate": 0.09090909090909091,
      "mean_clv_runs": -0.022727272727272728,
      "median_clv_runs": 0.0,
      "train_games": 6597,
      "snapshot_candidates": 2562
    },
    {
      "month": "2023-10",
      "games": 15,
      "mae": 4.135218400657847,
      "rmse": 5.194173359864837,
      "r2": -0.004363550756808943,
      "bias": -1.1088553269838817,
      "mean_predicted": 9.042188660317212,
      "mean_actual": 7.933333333333334,
      "mean_sigma": 4.727486610412598,
      "within_1sigma": 0.6,
      "within_2sigma": 0.9333333333333333,
      "mean_high_tail_prob": 0.4090954064566335,
      "mean_low_tail_prob": 0.41940765640231603,
      "bets": 2,
      "win_rate": 0.5,
      "roi": -4.545454545454547,
      "brier": 0.2737207749794964,
      "log_loss": 0.741266309187812,
      "avg_confidence": 0.5595584273305535,
      "avg_edge": 0.9134469630033166,
      "avg_hours_to_first_pitch": 3.280277777777778,
      "matched_closing_lines": 2,
      "beat_close_rate": 0.0,
      "mean_clv_runs": 0.0,
      "median_clv_runs": 0.0,
      "train_games": 7004,
      "snapshot_candidates": 72
    }
  ],
  "entry_betting": {
    "bets": 1049,
    "win_rate": 0.5490943755958055,
    "roi": 4.827108068290145,
    "brier": 0.24777865708590274,
    "log_loss": 0.6887222533275911,
    "avg_confidence": 0.5855913948547247,
    "avg_edge": 1.009586989342174,
    "avg_hours_to_first_pitch": 2.1322558521343074,
    "matched_closing_lines": 1049,
    "beat_close_rate": 0.07721639656816015,
    "mean_clv_runs": 0.011201143946615824,
    "median_clv_runs": 0.0
  }
}