{
  "year": 2025,
  "min_train_games": 250,
  "entry_rule": "closest_before_minutes",
  "minutes_before": 60,
  "min_confidence": 0.53,
  "min_edge": 0.5,
  "allowed_methods": [
    "edge_model"
  ],
  "games": 2348,
  "weighted_mae": 3.5661750935488112,
  "weighted_rmse": 4.526057081677489,
  "weighted_bias": 0.2180782360449748,
  "weighted_mean_sigma": 4.428834517526058,
  "weighted_within_1sigma": 0.6933560477001703,
  "weighted_within_2sigma": 0.9531516183986372,
  "months": [
    {
      "month": "2025-04",
      "games": 377,
      "mae": 3.491094203408592,
      "rmse": 4.447645819468904,
      "r2": 0.036309481792186515,
      "bias": 0.03216872905127448,
      "mean_predicted": 8.68401164230151,
      "mean_actual": 8.716180371352785,
      "mean_sigma": 4.423299789428711,
      "within_1sigma": 0.713527851458886,
      "within_2sigma": 0.9575596816976127,
      "mean_high_tail_prob": 0.3815125026302557,
      "mean_low_tail_prob": 0.4406157773554636,
      "bets": 153,
      "win_rate": 0.6078431372549019,
      "roi": 16.0427807486631,
      "brier": 0.2408026283003571,
      "log_loss": 0.6749527082770627,
      "avg_confidence": 0.6043561540568045,
      "avg_edge": 1.3551446102906604,
      "avg_hours_to_first_pitch": 2.342509077705156,
      "matched_closing_lines": 153,
      "beat_close_rate": 0.0457516339869281,
      "mean_clv_runs": -0.021241830065359478,
      "median_clv_runs": 0.0,
      "train_games": 9366,
      "snapshot_candidates": 2295
    },
    {
      "month": "2025-05",
      "games": 411,
      "mae": 3.7738768050694014,
      "rmse": 4.701375675330376,
      "r2": 0.03701878378207246,
      "bias": 0.02350025334289639,
      "mean_predicted": 8.609103152983137,
      "mean_actual": 8.632603406326034,
      "mean_sigma": 4.461633205413818,
      "within_1sigma": 0.656934306569343,
      "within_2sigma": 0.9464720194647201,
      "mean_high_tail_prob": 0.3803203568958585,
      "mean_low_tail_prob": 0.44061551139573246,
      "bets": 205,
      "win_rate": 0.5804878048780487,
      "roi": 10.820399113082036,
      "brier": 0.24243511368259038,
      "log_loss": 0.6779205537331676,
      "avg_confidence": 0.5991806206502206,
      "avg_edge": 1.1763418539827402,
      "avg_hours_to_first_pitch": 2.177457994579946,
      "matched_closing_lines": 205,
      "beat_close_rate": 0.07804878048780488,
      "mean_clv_runs": -0.004878048780487805,
      "median_clv_runs": 0.0,
      "train_games": 9743,
      "snapshot_candidates": 2512
    },
    {
      "month": "2025-06",
      "games": 397,
      "mae": 3.6677532491451643,
      "rmse": 4.650272939201489,
      "r2": 0.037060661347877444,
      "bias": 0.348783608639657,
      "mean_predicted": 8.545422940478732,
      "mean_actual": 8.894206549118389,
      "mean_sigma": 4.396102428436279,
      "within_1sigma": 0.6775818639798489,
      "within_2sigma": 0.9395465994962217,
      "mean_high_tail_prob": 0.3863488891238615,
      "mean_low_tail_prob": 0.4473562054660273,
      "bets": 159,
      "win_rate": 0.5723270440251572,
      "roi": 9.262435677530013,
      "brier": 0.245751389492418,
      "log_loss": 0.684680366887566,
      "avg_confidence": 0.5858094480393382,
      "avg_edge": 1.0042799874261343,
      "avg_hours_to_first_pitch": 2.01562893081761,
      "matched_closing_lines": 159,
      "beat_close_rate": 0.06289308176100629,
      "mean_clv_runs": -0.040880503144654086,
      "median_clv_runs": 0.0,
      "train_games": 10154,
      "snapshot_candidates": 2264
    },
    {
      "month": "2025-07",
      "games": 369,
      "mae": 3.407044632065809,
      "rmse": 4.244818698812074,
      "r2": -0.0011781310306273607,
      "bias": 0.4088214414663121,
      "mean_predicted": 8.588468531433417,
      "mean_actual": 8.997289972899729,
      "mean_sigma": 4.435050010681152,
      "within_1sigma": 0.7100271002710027,
      "within_2sigma": 0.9728997289972899,
      "mean_high_tail_prob": 0.38783504914831957,
      "mean_low_tail_prob": 0.4395346592318064,
      "bets": 166,
      "win_rate": 0.608433734939759,
      "roi": 16.155531215772175,
      "brier": 0.23896084554412528,
      "log_loss": 0.6709036303491327,
      "avg_confidence": 0.5699350299026001,
      "avg_edge": 0.802626172249172,
      "avg_hours_to_first_pitch": 2.2039106425702815,
      "matched_closing_lines": 166,
      "beat_close_rate": 0.06626506024096386,
      "mean_clv_runs": -0.012048192771084338,
      "median_clv_runs": 0.0,
      "train_games": 10551,
      "snapshot_candidates": 2178
    },
    {
      "month": "2025-08",
      "games": 420,
      "mae": 3.574417414563247,
      "rmse": 4.745268495052308,
      "r2": 0.02184204941592982,
      "bias": 0.5172278896835992,
      "mean_predicted": 8.858962586506877,
      "mean_actual": 9.376190476190477,
      "mean_sigma": 4.451839923858643,
      "within_1sigma": 0.6952380952380952,
      "within_2sigma": 0.9523809523809523,
      "mean_high_tail_prob": 0.3962866466535575,
      "mean_low_tail_prob": 0.4295230282342533,
      "bets": 146,
      "win_rate": 0.5547945205479452,
      "roi": 5.915317559153179,
      "brier": 0.24425575143072528,
      "log_loss": 0.6815088975871048,
      "avg_confidence": 0.5661326186958775,
      "avg_edge": 0.751370248222194,
      "avg_hours_to_first_pitch": 2.2442256468797566,
      "matched_closing_lines": 146,
      "beat_close_rate": 0.0821917808219178,
      "mean_clv_runs": -0.005136986301369863,
      "median_clv_runs": 0.0,
      "train_games": 10920,
      "snapshot_candidates": 2416
    },
    {
      "month": "2025-09",
      "games": 374,
      "mae": 3.4535305209213063,
      "rmse": 4.311884830565686,
      "r2": 0.004270021858486239,
      "bias": -0.04357335545664372,
      "mean_predicted": 8.8457123928898,
      "mean_actual": 8.802139037433156,
      "mean_sigma": 4.401147842407227,
      "within_1sigma": 0.7112299465240641,
      "within_2sigma": 0.9518716577540107,
      "mean_high_tail_prob": 0.3824703197412028,
      "mean_low_tail_prob": 0.44003874670481335,
      "bets": 142,
      "win_rate": 0.528169014084507,
      "roi": 0.8322663252240653,
      "brier": 0.2524103030766995,
      "log_loss": 0.6982073267145061,
      "avg_confidence": 0.5756979434261303,
      "avg_edge": 0.9589610841247475,
      "avg_hours_to_first_pitch": 2.301782081377152,
      "matched_closing_lines": 142,
      "beat_close_rate": 0.035211267605633804,
      "mean_clv_runs": -0.01056338028169014,
      "median_clv_runs": 0.0,
      "train_games": 11340,
      "snapshot_candidates": 2051
    }
  ],
  "entry_betting": {
    "bets": 971,
    "win_rate": 0.576725025746653,
    "roi": 10.102050369815558,
    "brier": 0.2438594999693946,
    "log_loss": 0.680866527596237,
    "avg_confidence": 0.5844036110218139,
    "avg_edge": 1.0167623050681824,
    "avg_hours_to_first_pitch": 2.20970849067399,
    "matched_closing_lines": 971,
    "beat_close_rate": 0.06282183316168898,
    "mean_clv_runs": -0.015447991761071062,
    "median_clv_runs": 0.0
  }
}