{
  "year": 2023,
  "min_train_games": 250,
  "entry_rule": "closest_before_minutes",
  "minutes_before": 60,
  "min_confidence": 0.53,
  "min_edge": 0.5,
  "games": 3880,
  "weighted_mae": 3.100286103822849,
  "weighted_rmse": 3.9051881102482007,
  "weighted_bias": -0.6444861850640312,
  "weighted_mean_sigma": 4.346578415275849,
  "weighted_within_1sigma": 0.73659793814433,
  "weighted_within_2sigma": 0.9698453608247423,
  "months": [
    {
      "month": "2023-04",
      "games": 346,
      "mae": 3.7038380684180523,
      "rmse": 4.681070516088076,
      "r2": -0.045826038045584605,
      "bias": -0.023088012450068716,
      "mean_predicted": 9.170486856380705,
      "mean_actual": 9.147398843930636,
      "mean_sigma": 4.421984672546387,
      "within_1sigma": 0.6791907514450867,
      "within_2sigma": 0.9421965317919075,
      "mean_high_tail_prob": 0.440352073339046,
      "mean_low_tail_prob": 0.45602038991144056,
      "bets": 278,
      "win_rate": 0.5107913669064749,
      "roi": -2.485284499672988,
      "brier": 0.2639998531812808,
      "log_loss": 0.7237365048627745,
      "avg_confidence": 0.581822856650883,
      "avg_edge": 1.0464789533084669,
      "avg_hours_to_first_pitch": 2.1284202637889686,
      "matched_closing_lines": 278,
      "beat_close_rate": 0.08633093525179857,
      "mean_clv_runs": 0.018884892086330936,
      "median_clv_runs": 0.0,
      "train_games": 6964,
      "snapshot_candidates": 2765
    },
    {
      "month": "2023-05",
      "games": 670,
      "mae": 3.950334758054342,
      "rmse": 4.51669384970814,
      "r2": -0.1833731857927059,
      "bias": -1.762305432503292,
      "mean_predicted": 9.304096477279412,
      "mean_actual": 7.54179104477612,
      "mean_sigma": 4.173210144042969,
      "within_1sigma": 0.3835820895522388,
      "within_2sigma": 0.9656716417910448,
      "mean_high_tail_prob": 0.4751804947162808,
      "mean_low_tail_prob": 0.4558618235558159,
      "bets": 129,
      "win_rate": 0.5503875968992248,
      "roi": 5.073995771670192,
      "brier": 0.24713809085904268,
      "log_loss": 0.6874034741665809,
      "avg_confidence": 0.5550820621927276,
      "avg_edge": 0.7262617398166268,
      "avg_hours_to_first_pitch": 2.169007321274763,
      "matched_closing_lines": 129,
      "beat_close_rate": 0.05426356589147287,
      "mean_clv_runs": 0.003875968992248062,
      "median_clv_runs": 0.0,
      "train_games": 7310,
      "snapshot_candidates": 234485
    },
    {
      "month": "2023-06",
      "games": 389,
      "mae": 3.6275718217339836,
      "rmse": 4.469871779476198,
      "r2": 0.00451739982327537,
      "bias": 0.2362928571374551,
      "mean_predicted": 8.827974495047634,
      "mean_actual": 9.06426735218509,
      "mean_sigma": 4.515642166137695,
      "within_1sigma": 0.6966580976863753,
      "within_2sigma": 0.9562982005141388,
      "mean_high_tail_prob": 0.4026445566527529,
      "mean_low_tail_prob": 0.4820585911281411,
      "bets": 212,
      "win_rate": 0.5613207547169812,
      "roi": 7.161234991423666,
      "brier": 0.24892625944071178,
      "log_loss": 0.6903063568600857,
      "avg_confidence": 0.6210378385457312,
      "avg_edge": 1.4798421159144783,
      "avg_hours_to_first_pitch": 2.0500039308176103,
      "matched_closing_lines": 212,
      "beat_close_rate": 0.08962264150943396,
      "mean_clv_runs": 0.02830188679245283,
      "median_clv_runs": 0.0,
      "train_games": 7980,
      "snapshot_candidates": 2699
    },
    {
      "month": "2023-07",
      "games": 1132,
      "mae": 2.4878265672293165,
      "rmse": 3.344486773585322,
      "r2": -0.013970771736436793,
      "bias": -0.43291974616692913,
      "mean_predicted": 9.523909145460216,
      "mean_actual": 9.090989399293287,
      "mean_sigma": 4.47794771194458,
      "within_1sigma": 0.8984098939929329,
      "within_2sigma": 0.9858657243816255,
      "mean_high_tail_prob": 0.459826922573465,
      "mean_low_tail_prob": 0.35842132360136586,
      "bets": 233,
      "win_rate": 0.5536480686695279,
      "roi": 5.696449473273505,
      "brier": 0.258101124472939,
      "log_loss": 0.7130550042488432,
      "avg_confidence": 0.6385073356905814,
      "avg_edge": 1.6252529881501636,
      "avg_hours_to_first_pitch": 1.9410169289461134,
      "matched_closing_lines": 233,
      "beat_close_rate": 0.06866952789699571,
      "mean_clv_runs": 0.011802575107296138,
      "median_clv_runs": 0.0,
      "train_games": 8369,
      "snapshot_candidates": 614042
    },
    {
      "month": "2023-08",
      "games": 666,
      "mae": 2.841192766574619,
      "rmse": 3.6406799977035598,
      "r2": -0.004268178843056747,
      "bias": -0.4160560863214622,
      "mean_predicted": 8.889029059294435,
      "mean_actual": 8.472972972972974,
      "mean_sigma": 4.353996276855469,
      "within_1sigma": 0.8168168168168168,
      "within_2sigma": 0.9714714714714715,
      "mean_high_tail_prob": 0.4368303857966821,
      "mean_low_tail_prob": 0.3803416909304337,
      "bets": 260,
      "win_rate": 0.5461538461538461,
      "roi": 4.265734265734267,
      "brier": 0.2837997950987187,
      "log_loss": 0.8162368591675472,
      "avg_confidence": 0.7277593806575149,
      "avg_edge": 3.1690581303754484,
      "avg_hours_to_first_pitch": 2.11049358974359,
      "matched_closing_lines": 260,
      "beat_close_rate": 0.046153846153846156,
      "mean_clv_runs": -0.006730769230769231,
      "median_clv_runs": 0.0,
      "train_games": 9501,
      "snapshot_candidates": 216940
    },
    {
      "month": "2023-09",
      "games": 662,
      "mae": 2.8850606832458388,
      "rmse": 3.7299753825418955,
      "r2": -0.03235438108983257,
      "bias": -0.9106848407101069,
      "mean_predicted": 9.779264901133068,
      "mean_actual": 8.86858006042296,
      "mean_sigma": 4.143017768859863,
      "within_1sigma": 0.7945619335347432,
      "within_2sigma": 0.9682779456193353,
      "mean_high_tail_prob": 0.3639973969729561,
      "mean_low_tail_prob": 0.3965444651614433,
      "bets": 285,
      "win_rate": 0.5298245614035088,
      "roi": 1.1483253588516773,
      "brier": 0.271812253084901,
      "log_loss": 0.7443308903479666,
      "avg_confidence": 0.660283619607481,
      "avg_edge": 2.0802851485211575,
      "avg_hours_to_first_pitch": 2.1484376218323584,
      "matched_closing_lines": 285,
      "beat_close_rate": 0.08070175438596491,
      "mean_clv_runs": 0.0,
      "median_clv_runs": 0.0,
      "train_games": 10167,
      "snapshot_candidates": 201214
    },
    {
      "month": "2023-10",
      "games": 15,
      "mae": 4.757877043870078,
      "rmse": 5.841257217597313,
      "r2": -0.2701959502779381,
      "bias": -2.250623779255539,
      "mean_predicted": 10.183957112588871,
      "mean_actual": 7.933333333333334,
      "mean_sigma": 4.707057476043701,
      "within_1sigma": 0.5333333333333333,
      "within_2sigma": 0.9333333333333333,
      "mean_high_tail_prob": 0.48203376840389683,
      "mean_low_tail_prob": 0.4146523149355416,
      "bets": 13,
      "win_rate": 0.7692307692307693,
      "roi": 46.853146853146846,
      "brier": 0.1987757652552547,
      "log_loss": 0.5888575688705798,
      "avg_confidence": 0.6203060924668875,
      "avg_edge": 1.4411693888509278,
      "avg_hours_to_first_pitch": 3.221944444444444,
      "matched_closing_lines": 13,
      "beat_close_rate": 0.15384615384615385,
      "mean_clv_runs": -0.07692307692307693,
      "median_clv_runs": 0.0,
      "train_games": 10829,
      "snapshot_candidates": 72
    }
  ],
  "entry_betting": {
    "bets": 1410,
    "win_rate": 0.5418439716312057,
    "roi": 3.4429400386847164,
    "brier": 0.2638448409305108,
    "log_loss": 0.7335968763770987,
    "avg_confidence": 0.6377637027805414,
    "avg_edge": 1.7819794124469255,
    "avg_hours_to_first_pitch": 2.1001977935382192,
    "matched_closing_lines": 1410,
    "beat_close_rate": 0.07304964539007092,
    "mean_clv_runs": 0.008333333333333333,
    "median_clv_runs": 0.0
  }
}