{
  "year": 2024,
  "min_train_games": 250,
  "entry_rule": "closest_before_minutes",
  "minutes_before": 60,
  "min_confidence": 0.53,
  "min_edge": 0.5,
  "allowed_methods": [
    "edge_model"
  ],
  "games": 2347,
  "weighted_mae": 3.36579349724871,
  "weighted_rmse": 4.240783306691454,
  "weighted_bias": -0.06408689707757201,
  "weighted_mean_sigma": 4.457345002755034,
  "weighted_within_1sigma": 0.7106945036216447,
  "weighted_within_2sigma": 0.9688964635705155,
  "months": [
    {
      "month": "2024-04",
      "games": 373,
      "mae": 3.435942928847914,
      "rmse": 4.266411021994172,
      "r2": -0.006487978847974363,
      "bias": -0.44068271514065915,
      "mean_predicted": 9.038537943022696,
      "mean_actual": 8.597855227882038,
      "mean_sigma": 4.642587184906006,
      "within_1sigma": 0.7238605898123325,
      "within_2sigma": 0.9731903485254692,
      "mean_high_tail_prob": 0.420206949172646,
      "mean_low_tail_prob": 0.4159702217743516,
      "bets": 99,
      "win_rate": 0.5858585858585859,
      "roi": 11.845730027548209,
      "brier": 0.24760985919555994,
      "log_loss": 0.6885100583088236,
      "avg_confidence": 0.573209300752551,
      "avg_edge": 0.9875936102090661,
      "avg_hours_to_first_pitch": 2.0914450056116727,
      "matched_closing_lines": 99,
      "beat_close_rate": 0.08080808080808081,
      "mean_clv_runs": 0.027777777777777776,
      "median_clv_runs": 0.0,
      "train_games": 7019,
      "snapshot_candidates": 2045
    },
    {
      "month": "2024-05",
      "games": 409,
      "mae": 3.324271786736337,
      "rmse": 4.22362510927485,
      "r2": -0.003021464948616215,
      "bias": -0.1347855729543233,
      "mean_predicted": 8.621338140191487,
      "mean_actual": 8.486552567237164,
      "mean_sigma": 4.450676441192627,
      "within_1sigma": 0.7286063569682152,
      "within_2sigma": 0.9633251833740831,
      "mean_high_tail_prob": 0.3970644350348375,
      "mean_low_tail_prob": 0.44471734882571484,
      "bets": 277,
      "win_rate": 0.5379061371841155,
      "roi": 2.6911716442402307,
      "brier": 0.24841074032230342,
      "log_loss": 0.6899536191261768,
      "avg_confidence": 0.568252663672529,
      "avg_edge": 0.882328561835644,
      "avg_hours_to_first_pitch": 2.215860409145608,
      "matched_closing_lines": 277,
      "beat_close_rate": 0.09025270758122744,
      "mean_clv_runs": 0.016245487364620937,
      "median_clv_runs": 0.0,
      "train_games": 7392,
      "snapshot_candidates": 2374
    },
    {
      "month": "2024-06",
      "games": 400,
      "mae": 3.393420364904764,
      "rmse": 4.22571234205336,
      "r2": 0.04308783815810191,
      "bias": 0.1165554515086444,
      "mean_predicted": 8.800944548491355,
      "mean_actual": 8.9175,
      "mean_sigma": 4.454834461212158,
      "within_1sigma": 0.7125,
      "within_2sigma": 0.9725,
      "mean_high_tail_prob": 0.38871824749595135,
      "mean_low_tail_prob": 0.430967913263624,
      "bets": 107,
      "win_rate": 0.5794392523364486,
      "roi": 10.62022090059473,
      "brier": 0.24643469149024608,
      "log_loss": 0.6861349333032255,
      "avg_confidence": 0.5966058490839534,
      "avg_edge": 1.175180243443491,
      "avg_hours_to_first_pitch": 2.1140160955347875,
      "matched_closing_lines": 107,
      "beat_close_rate": 0.102803738317757,
      "mean_clv_runs": 0.0397196261682243,
      "median_clv_runs": 0.0,
      "train_games": 7801,
      "snapshot_candidates": 2249
    },
    {
      "month": "2024-07",
      "games": 369,
      "mae": 3.36843260770092,
      "rmse": 4.351156764671284,
      "r2": 0.03790886758300349,
      "bias": 0.37158014933249606,
      "mean_predicted": 8.772051286981867,
      "mean_actual": 9.143631436314363,
      "mean_sigma": 4.464428424835205,
      "within_1sigma": 0.7018970189701897,
      "within_2sigma": 0.964769647696477,
      "mean_high_tail_prob": 0.38819196183834875,
      "mean_low_tail_prob": 0.4330244857047533,
      "bets": 74,
      "win_rate": 0.5135135135135135,
      "roi": -1.9656019656019639,
      "brier": 0.252522004154531,
      "log_loss": 0.6982292871800766,
      "avg_confidence": 0.552182612361819,
      "avg_edge": 0.5948823045679805,
      "avg_hours_to_first_pitch": 2.081144894894895,
      "matched_closing_lines": 74,
      "beat_close_rate": 0.12162162162162163,
      "mean_clv_runs": 0.057432432432432436,
      "median_clv_runs": 0.0,
      "train_games": 8201,
      "snapshot_candidates": 2330
    },
    {
      "month": "2024-08",
      "games": 413,
      "mae": 3.3661227973087495,
      "rmse": 4.209440822942316,
      "r2": 0.043123388936172624,
      "bias": 0.04059228792435759,
      "mean_predicted": 8.973935557111963,
      "mean_actual": 9.01452784503632,
      "mean_sigma": 4.367942810058594,
      "within_1sigma": 0.7094430992736077,
      "within_2sigma": 0.9685230024213075,
      "mean_high_tail_prob": 0.4049750159858254,
      "mean_low_tail_prob": 0.4267952666104964,
      "bets": 188,
      "win_rate": 0.5851063829787234,
      "roi": 11.702127659574469,
      "brier": 0.2420150024102137,
      "log_loss": 0.677039405707805,
      "avg_confidence": 0.5699739054373408,
      "avg_edge": 0.8247917948897017,
      "avg_hours_to_first_pitch": 2.40625,
      "matched_closing_lines": 188,
      "beat_close_rate": 0.06914893617021277,
      "mean_clv_runs": -0.02127659574468085,
      "median_clv_runs": 0.0,
      "train_games": 8570,
      "snapshot_candidates": 2630
    },
    {
      "month": "2024-09",
      "games": 383,
      "mae": 3.3100651992564765,
      "rmse": 4.177346206390017,
      "r2": 0.06471493135630146,
      "bias": -0.34310669967411467,
      "mean_predicted": 8.742584506462627,
      "mean_actual": 8.399477806788513,
      "mean_sigma": 4.37626314163208,
      "within_1sigma": 0.6866840731070496,
      "within_2sigma": 0.9712793733681462,
      "mean_high_tail_prob": 0.39624674618224803,
      "mean_low_tail_prob": 0.428336443216696,
      "bets": 137,
      "win_rate": 0.6204379562043796,
      "roi": 18.44724618447246,
      "brier": 0.2343475792898118,
      "log_loss": 0.6609560459558783,
      "avg_confidence": 0.6122317785738848,
      "avg_edge": 1.4256757066509778,
      "avg_hours_to_first_pitch": 2.2095377128953775,
      "matched_closing_lines": 137,
      "beat_close_rate": 0.072992700729927,
      "mean_clv_runs": 0.014598540145985401,
      "median_clv_runs": 0.0,
      "train_games": 8983,
      "snapshot_candidates": 2406
    }
  ],
  "entry_betting": {
    "bets": 882,
    "win_rate": 0.5691609977324263,
    "roi": 8.65800865800866,
    "brier": 0.24487837895958559,
    "log_loss": 0.6827658049368684,
    "avg_confidence": 0.578098521162577,
    "avg_edge": 0.9776879647121347,
    "avg_hours_to_first_pitch": 2.2178373015873016,
    "matched_closing_lines": 882,
    "beat_close_rate": 0.08616780045351474,
    "mean_clv_runs": 0.015589569160997732,
    "median_clv_runs": 0.0
  }
}