{
  "year": 2022,
  "min_train_games": 250,
  "entry_rule": "closest_before_minutes",
  "minutes_before": 60,
  "min_confidence": 0.53,
  "min_edge": 0.5,
  "allowed_methods": [
    "edge_model"
  ],
  "games": 2352,
  "weighted_mae": 3.4778291341905674,
  "weighted_rmse": 4.430875667568047,
  "weighted_bias": -0.22974311073499215,
  "weighted_mean_sigma": 4.727178112584717,
  "weighted_within_1sigma": 0.7278911564625851,
  "weighted_within_2sigma": 0.9664115646258503,
  "months": [
    {
      "month": "2022-04",
      "games": 239,
      "mae": 4.015596250645955,
      "rmse": 4.724605215413356,
      "r2": -0.3002530372679568,
      "bias": -1.976969491234845,
      "mean_predicted": 9.972785390816435,
      "mean_actual": 7.99581589958159,
      "mean_sigma": 4.840268611907959,
      "within_1sigma": 0.6401673640167364,
      "within_2sigma": 0.9790794979079498,
      "mean_high_tail_prob": 0.44063685814613573,
      "mean_low_tail_prob": 0.38816362389544473,
      "bets": 0,
      "win_rate": NaN,
      "roi": NaN,
      "brier": NaN,
      "log_loss": NaN,
      "avg_confidence": NaN,
      "avg_edge": NaN,
      "avg_hours_to_first_pitch": NaN,
      "matched_closing_lines": 0,
      "beat_close_rate": NaN,
      "mean_clv_runs": NaN,
      "median_clv_runs": NaN,
      "train_games": 2317,
      "snapshot_candidates": 1056
    },
    {
      "month": "2022-05",
      "games": 420,
      "mae": 3.5915708310426635,
      "rmse": 4.698933532362054,
      "r2": -0.014822445290284314,
      "bias": 0.2789087662900918,
      "mean_predicted": 8.575853138471814,
      "mean_actual": 8.854761904761904,
      "mean_sigma": 5.091660976409912,
      "within_1sigma": 0.7333333333333333,
      "within_2sigma": 0.9547619047619048,
      "mean_high_tail_prob": 0.4112502609799196,
      "mean_low_tail_prob": 0.428740081227961,
      "bets": 0,
      "win_rate": NaN,
      "roi": NaN,
      "brier": NaN,
      "log_loss": NaN,
      "avg_confidence": NaN,
      "avg_edge": NaN,
      "avg_hours_to_first_pitch": NaN,
      "matched_closing_lines": 0,
      "beat_close_rate": NaN,
      "mean_clv_runs": NaN,
      "median_clv_runs": NaN,
      "train_games": 2556,
      "snapshot_candidates": 2199
    },
    {
      "month": "2022-06",
      "games": 404,
      "mae": 3.6171696155860182,
      "rmse": 4.6164763199138195,
      "r2": -0.009880228680852365,
      "bias": -0.027034528026132976,
      "mean_predicted": 9.002282052778607,
      "mean_actual": 8.975247524752476,
      "mean_sigma": 4.659318447113037,
      "within_1sigma": 0.6782178217821783,
      "within_2sigma": 0.9579207920792079,
      "mean_high_tail_prob": 0.42821598482474077,
      "mean_low_tail_prob": 0.42205596234759707,
      "bets": 0,
      "win_rate": NaN,
      "roi": NaN,
      "brier": NaN,
      "log_loss": NaN,
      "avg_confidence": NaN,
      "avg_edge": NaN,
      "avg_hours_to_first_pitch": NaN,
      "matched_closing_lines": 0,
      "beat_close_rate": NaN,
      "mean_clv_runs": NaN,
      "median_clv_runs": NaN,
      "train_games": 2976,
      "snapshot_candidates": 2016
    },
    {
      "month": "2022-07",
      "games": 390,
      "mae": 3.187051183590332,
      "rmse": 4.112637167330916,
      "r2": -0.009809490164054191,
      "bias": -0.27232767932365715,
      "mean_predicted": 8.908225115221093,
      "mean_actual": 8.635897435897435,
      "mean_sigma": 4.7444891929626465,
      "within_1sigma": 0.782051282051282,
      "within_2sigma": 0.982051282051282,
      "mean_high_tail_prob": 0.41798244247069727,
      "mean_low_tail_prob": 0.42154345608866756,
      "bets": 128,
      "win_rate": 0.5703125,
      "roi": 8.877840909090907,
      "brier": 0.2469581333103688,
      "log_loss": 0.687146137152589,
      "avg_confidence": 0.5874629221544352,
      "avg_edge": 1.124009343518328,
      "avg_hours_to_first_pitch": 1.9494791666666664,
      "matched_closing_lines": 128,
      "beat_close_rate": 0.0390625,
      "mean_clv_runs": -0.03125,
      "median_clv_runs": 0.0,
      "train_games": 3380,
      "snapshot_candidates": 1982
    },
    {
      "month": "2022-08",
      "games": 420,
      "mae": 3.416259239288663,
      "rmse": 4.357131575420066,
      "r2": 0.023072898480567594,
      "bias": -0.04618308604683583,
      "mean_predicted": 8.493802133665882,
      "mean_actual": 8.447619047619048,
      "mean_sigma": 4.650382995605469,
      "within_1sigma": 0.7523809523809524,
      "within_2sigma": 0.969047619047619,
      "mean_high_tail_prob": 0.40890752035292716,
      "mean_low_tail_prob": 0.45018820985344926,
      "bets": 299,
      "win_rate": 0.5585284280936454,
      "roi": 6.628154454241408,
      "brier": 0.24693678561189547,
      "log_loss": 0.6870123748909528,
      "avg_confidence": 0.5548565271782168,
      "avg_edge": 0.7052030905736406,
      "avg_hours_to_first_pitch": 1.966499442586399,
      "matched_closing_lines": 299,
      "beat_close_rate": 0.0903010033444816,
      "mean_clv_runs": 0.020903010033444816,
      "median_clv_runs": 0.0,
      "train_games": 3770,
      "snapshot_candidates": 2290
    },
    {
      "month": "2022-09",
      "games": 401,
      "mae": 3.334720520164325,
      "rmse": 4.296439821445914,
      "r2": 0.015852515002617307,
      "bias": -0.03043793767587329,
      "mean_predicted": 8.446896790543704,
      "mean_actual": 8.41645885286783,
      "mean_sigma": 4.4538750648498535,
      "within_1sigma": 0.7256857855361596,
      "within_2sigma": 0.9600997506234414,
      "mean_high_tail_prob": 0.3957426453657613,
      "mean_low_tail_prob": 0.4404845426029996,
      "bets": 244,
      "win_rate": 0.5327868852459017,
      "roi": 1.7138599105812182,
      "brier": 0.24937948275361208,
      "log_loss": 0.6919123300080778,
      "avg_confidence": 0.5631220844947197,
      "avg_edge": 0.8025566566044445,
      "avg_hours_to_first_pitch": 2.279778005464481,
      "matched_closing_lines": 244,
      "beat_close_rate": 0.08196721311475409,
      "mean_clv_runs": 0.02971311475409836,
      "median_clv_runs": 0.0,
      "train_games": 4190,
      "snapshot_candidates": 2153
    },
    {
      "month": "2022-10",
      "games": 78,
      "mae": 3.0170330165358856,
      "rmse": 3.8055677110732504,
      "r2": -0.04401382354707706,
      "bias": -0.46499380101194604,
      "mean_predicted": 8.464993801011946,
      "mean_actual": 8.0,
      "mean_sigma": 4.501550197601318,
      "within_1sigma": 0.8333333333333334,
      "within_2sigma": 0.9743589743589743,
      "mean_high_tail_prob": 0.39390941469818275,
      "mean_low_tail_prob": 0.44560626871310743,
      "bets": 36,
      "win_rate": 0.4166666666666667,
      "roi": -20.454545454545453,
      "brier": 0.26283588769983907,
      "log_loss": 0.7190760395288961,
      "avg_confidence": 0.5726930004021453,
      "avg_edge": 1.1069944705807933,
      "avg_hours_to_first_pitch": 1.9202006172839508,
      "matched_closing_lines": 36,
      "beat_close_rate": 0.1388888888888889,
      "mean_clv_runs": 0.013888888888888888,
      "median_clv_runs": 0.0,
      "train_games": 4591,
      "snapshot_candidates": 456
    }
  ],
  "entry_betting": {
    "bets": 707,
    "win_rate": 0.5445544554455446,
    "roi": 3.9603960396039604,
    "brier": 0.24859324711564287,
    "log_loss": 0.6903603275713401,
    "avg_confidence": 0.5645206397358463,
    "avg_edge": 0.8350842223539712,
    "avg_hours_to_first_pitch": 2.069179239352507,
    "matched_closing_lines": 707,
    "beat_close_rate": 0.08062234794908062,
    "mean_clv_runs": 0.014144271570014143,
    "median_clv_runs": 0.0
  }
}