{
  "year": 2025,
  "min_train_games": 250,
  "entry_rule": "closest_before_minutes",
  "minutes_before": 60,
  "min_confidence": 0.53,
  "min_edge": 0.5,
  "games": 3241,
  "weighted_mae": 3.3113964262129607,
  "weighted_rmse": 4.144474672201138,
  "weighted_bias": 0.16038367530989153,
  "weighted_mean_sigma": 4.329213988372699,
  "weighted_within_1sigma": 0.7732181425485961,
  "weighted_within_2sigma": 0.9608145634063561,
  "months": [
    {
      "month": "2025-04",
      "games": 377,
      "mae": 3.493357406299495,
      "rmse": 4.464712665023142,
      "r2": 0.02889939832425026,
      "bias": 0.12683584930703073,
      "mean_predicted": 8.589344522045755,
      "mean_actual": 8.716180371352785,
      "mean_sigma": 4.318948745727539,
      "within_1sigma": 0.6737400530503979,
      "within_2sigma": 0.9575596816976127,
      "mean_high_tail_prob": 0.38275571231205696,
      "mean_low_tail_prob": 0.4151554965616547,
      "bets": 200,
      "win_rate": 0.55,
      "roi": 5.0,
      "brier": 0.25018464308739957,
      "log_loss": 0.6926823134431122,
      "avg_confidence": 0.6236751539233745,
      "avg_edge": 1.4153559265221356,
      "avg_hours_to_first_pitch": 2.254013888888889,
      "matched_closing_lines": 200,
      "beat_close_rate": 0.06,
      "mean_clv_runs": 0.005,
      "median_clv_runs": 0.0,
      "train_games": 13956,
      "snapshot_candidates": 2295
    },
    {
      "month": "2025-05",
      "games": 666,
      "mae": 3.7898534551094354,
      "rmse": 4.404515325391999,
      "r2": -0.25250892385386514,
      "bias": 1.6117769135595794,
      "mean_predicted": 7.927262125479459,
      "mean_actual": 9.53903903903904,
      "mean_sigma": 4.3227105140686035,
      "within_1sigma": 0.7957957957957958,
      "within_2sigma": 0.9624624624624625,
      "mean_high_tail_prob": 0.34748247975700186,
      "mean_low_tail_prob": 0.4308258699302451,
      "bets": 280,
      "win_rate": 0.5928571428571429,
      "roi": 13.18181818181818,
      "brier": 0.24156339497914558,
      "log_loss": 0.6762307391505529,
      "avg_confidence": 0.589228623794099,
      "avg_edge": 1.020632941605003,
      "avg_hours_to_first_pitch": 2.188438492063492,
      "matched_closing_lines": 280,
      "beat_close_rate": 0.07142857142857142,
      "mean_clv_runs": 0.0035714285714285713,
      "median_clv_runs": 0.0,
      "train_games": 14333,
      "snapshot_candidates": 233673
    },
    {
      "month": "2025-06",
      "games": 652,
      "mae": 3.522354007532815,
      "rmse": 4.201447346114593,
      "r2": -0.21499188827246885,
      "bias": -1.0710857272189096,
      "mean_predicted": 9.224459960347744,
      "mean_actual": 8.153374233128835,
      "mean_sigma": 4.308053970336914,
      "within_1sigma": 0.799079754601227,
      "within_2sigma": 0.9677914110429447,
      "mean_high_tail_prob": 0.3874067936580788,
      "mean_low_tail_prob": 0.4446333884226292,
      "bets": 149,
      "win_rate": 0.5503355704697986,
      "roi": 5.0640634533252,
      "brier": 0.2780233100965807,
      "log_loss": 0.7588452518801823,
      "avg_confidence": 0.7089107721186209,
      "avg_edge": 2.4493187334333992,
      "avg_hours_to_first_pitch": 1.9742953020134226,
      "matched_closing_lines": 149,
      "beat_close_rate": 0.12080536912751678,
      "mean_clv_runs": 0.07046979865771812,
      "median_clv_runs": 0.0,
      "train_games": 14999,
      "snapshot_candidates": 184019
    },
    {
      "month": "2025-07",
      "games": 624,
      "mae": 2.5286954582656365,
      "rmse": 3.4002499514868383,
      "r2": -0.062366054084678435,
      "bias": -0.16581838485606695,
      "mean_predicted": 8.755561974599658,
      "mean_actual": 8.58974358974359,
      "mean_sigma": 4.377488136291504,
      "within_1sigma": 0.8349358974358975,
      "within_2sigma": 0.9759615384615384,
      "mean_high_tail_prob": 0.3761955119915662,
      "mean_low_tail_prob": 0.44356113393308433,
      "bets": 157,
      "win_rate": 0.554140127388535,
      "roi": 5.790387955993053,
      "brier": 0.2525266734194858,
      "log_loss": 0.6984585608793787,
      "avg_confidence": 0.6220246207520674,
      "avg_edge": 1.3945644193378954,
      "avg_hours_to_first_pitch": 2.1624823071479122,
      "matched_closing_lines": 157,
      "beat_close_rate": 0.07006369426751592,
      "mean_clv_runs": 0.01910828025477707,
      "median_clv_runs": 0.0,
      "train_games": 15651,
      "snapshot_candidates": 249979
    },
    {
      "month": "2025-08",
      "games": 548,
      "mae": 3.1797131461590977,
      "rmse": 4.294403243362233,
      "r2": 0.06309889180170503,
      "bias": 0.18156246555504843,
      "mean_predicted": 8.406028775320864,
      "mean_actual": 8.587591240875913,
      "mean_sigma": 4.344862937927246,
      "within_1sigma": 0.7664233576642335,
      "within_2sigma": 0.9470802919708029,
      "mean_high_tail_prob": 0.36770858727342826,
      "mean_low_tail_prob": 0.43599578933178634,
      "bets": 17,
      "win_rate": 0.7058823529411765,
      "roi": 34.759358288770045,
      "brier": 0.2106952502132562,
      "log_loss": 0.6127652420665145,
      "avg_confidence": 0.6503594435626925,
      "avg_edge": 1.736947113397852,
      "avg_hours_to_first_pitch": 2.2197712418300655,
      "matched_closing_lines": 17,
      "beat_close_rate": 0.058823529411764705,
      "mean_clv_runs": 0.029411764705882353,
      "median_clv_runs": 0.0,
      "train_games": 16275,
      "snapshot_candidates": 18800
    },
    {
      "month": "2025-09",
      "games": 374,
      "mae": 3.4070430243691856,
      "rmse": 4.281299236422704,
      "r2": 0.01834599124109948,
      "bias": 0.2696932813707916,
      "mean_predicted": 8.532445756062364,
      "mean_actual": 8.802139037433156,
      "mean_sigma": 4.2845587730407715,
      "within_1sigma": 0.6951871657754011,
      "within_2sigma": 0.9438502673796791,
      "mean_high_tail_prob": 0.3536981491286942,
      "mean_low_tail_prob": 0.44155690505479606,
      "bets": 295,
      "win_rate": 0.5694915254237288,
      "roi": 8.721109399075498,
      "brier": 0.24534151473169208,
      "log_loss": 0.6838049036355894,
      "avg_confidence": 0.5770377344648999,
      "avg_edge": 0.9017751782004734,
      "avg_hours_to_first_pitch": 2.278765536723164,
      "matched_closing_lines": 295,
      "beat_close_rate": 0.05084745762711865,
      "mean_clv_runs": 0.00423728813559322,
      "median_clv_runs": 0.0,
      "train_games": 16823,
      "snapshot_candidates": 2051
    }
  ],
  "entry_betting": {
    "bets": 1098,
    "win_rate": 0.569216757741348,
    "roi": 8.66865375062096,
    "brier": 0.2501861623336657,
    "log_loss": 0.6946689088584849,
    "avg_confidence": 0.6141046067017149,
    "avg_edge": 1.3190303211005074,
    "avg_hours_to_first_pitch": 2.1923654118599476,
    "matched_closing_lines": 1098,
    "beat_close_rate": 0.07012750455373407,
    "mean_clv_runs": 0.015710382513661202,
    "median_clv_runs": 0.0
  }
}