{
  "year": 2025,
  "min_train_games": 250,
  "games": 3241,
  "weighted_mae": 3.315880589981263,
  "weighted_rmse": 4.173658123583531,
  "weighted_bias": 0.2297063489177809,
  "weighted_mean_sigma": 4.305728309723155,
  "weighted_within_1sigma": 0.7337241592101204,
  "weighted_within_2sigma": 0.9614316568960197,
  "months": [
    {
      "month": "2025-04",
      "games": 377,
      "mae": 3.4946951373128945,
      "rmse": 4.455561380061634,
      "r2": 0.032876232391275906,
      "bias": 0.09286169832512209,
      "mean_predicted": 8.623318673027663,
      "mean_actual": 8.716180371352785,
      "mean_sigma": 4.336794853210449,
      "within_1sigma": 0.6710875331564987,
      "within_2sigma": 0.9575596816976127,
      "mean_high_tail_prob": 0.3670390110387804,
      "mean_low_tail_prob": 0.4525792853449654,
      "matched_games": 314,
      "win_rate": 0.5477707006369427,
      "roi": 4.574406485234505,
      "brier": 0.25769204299360965,
      "log_loss": 0.7126329026189484,
      "train_games": 13956
    },
    {
      "month": "2025-05",
      "games": 666,
      "mae": 3.863513116938858,
      "rmse": 4.467369115175998,
      "r2": -0.28851136283220025,
      "bias": 1.6246681471532323,
      "mean_predicted": 7.914370891885806,
      "mean_actual": 9.53903903903904,
      "mean_sigma": 4.259585857391357,
      "within_1sigma": 0.6081081081081081,
      "within_2sigma": 0.9624624624624625,
      "mean_high_tail_prob": 0.37238055132576064,
      "mean_low_tail_prob": 0.4340569603688574,
      "matched_games": 594,
      "win_rate": 0.5505050505050505,
      "roi": 5.096418732782366,
      "brier": 0.27840876895962663,
      "log_loss": 0.7675971089560156,
      "train_games": 14333
    },
    {
      "month": "2025-06",
      "games": 652,
      "mae": 3.5567611714002814,
      "rmse": 4.236718090939611,
      "r2": -0.23547699329314864,
      "bias": -1.055373744644468,
      "mean_predicted": 9.208747977773303,
      "mean_actual": 8.153374233128835,
      "mean_sigma": 4.249259948730469,
      "within_1sigma": 0.7868098159509203,
      "within_2sigma": 0.9662576687116564,
      "mean_high_tail_prob": 0.37871669920392936,
      "mean_low_tail_prob": 0.4577342519816102,
      "matched_games": 579,
      "win_rate": 0.6424870466321243,
      "roi": 22.656617993405558,
      "brier": 0.2503740666962334,
      "log_loss": 0.699162543019561,
      "train_games": 14999
    },
    {
      "month": "2025-07",
      "games": 624,
      "mae": 2.3347060699418103,
      "rmse": 3.3499761281699922,
      "r2": -0.031183424769449797,
      "bias": 0.0747664077740227,
      "mean_predicted": 8.514977181969567,
      "mean_actual": 8.58974358974359,
      "mean_sigma": 4.359659671783447,
      "within_1sigma": 0.8317307692307693,
      "within_2sigma": 0.9759615384615384,
      "mean_high_tail_prob": 0.386924489632993,
      "mean_low_tail_prob": 0.445225572958029,
      "matched_games": 561,
      "win_rate": 0.5258467023172906,
      "roi": 0.38891589693728823,
      "brier": 0.2476639307734408,
      "log_loss": 0.6882443783273414,
      "train_games": 15651
    },
    {
      "month": "2025-08",
      "games": 548,
      "mae": 3.26183941461831,
      "rmse": 4.360975258673317,
      "r2": 0.03382598317165675,
      "bias": 0.4219738949073461,
      "mean_predicted": 8.165617345968567,
      "mean_actual": 8.587591240875913,
      "mean_sigma": 4.426225185394287,
      "within_1sigma": 0.7974452554744526,
      "within_2sigma": 0.9543795620437956,
      "mean_high_tail_prob": 0.3657206554837455,
      "mean_low_tail_prob": 0.43898461845472464,
      "matched_games": 343,
      "win_rate": 0.5131195335276968,
      "roi": -2.0408163265306123,
      "brier": 0.2696442802480305,
      "log_loss": 0.7378737929221801,
      "train_games": 16275
    },
    {
      "month": "2025-09",
      "games": 374,
      "mae": 3.456728125330282,
      "rmse": 4.356341621711477,
      "r2": -0.016368359759605378,
      "bias": 0.10066358079647472,
      "mean_predicted": 8.70147545663668,
      "mean_actual": 8.802139037433156,
      "mean_sigma": 4.188484191894531,
      "within_1sigma": 0.6711229946524064,
      "within_2sigma": 0.9411764705882353,
      "mean_high_tail_prob": 0.3419744848338097,
      "mean_low_tail_prob": 0.437744237213266,
      "matched_games": 308,
      "win_rate": 0.5227272727272727,
      "roi": -0.20661157024793975,
      "brier": 0.25718081004033017,
      "log_loss": 0.70994309275484,
      "train_games": 16823
    }
  ],
  "betting": {
    "matched_games": 2699,
    "win_rate": 0.5568729158947758,
    "roi": 6.312102125366294,
    "brier": 0.26005773903687557,
    "log_loss": 0.7196712880077755
  }
}