{
  "year": 2021,
  "min_train_games": 250,
  "games": 2042,
  "weighted_mae": 3.5817270248266797,
  "weighted_rmse": 4.578875864212988,
  "weighted_bias": 0.18502190392185444,
  "weighted_mean_sigma": 4.644745253675948,
  "weighted_within_1sigma": 0.6904995102840352,
  "weighted_within_2sigma": 0.9564152791380999,
  "months": [
    {
      "month": "2021-05",
      "games": 417,
      "mae": 3.6237458447069737,
      "rmse": 4.630051575643027,
      "r2": -0.06478172424256767,
      "bias": 0.35868975613888904,
      "mean_predicted": 8.461454128753198,
      "mean_actual": 8.820143884892087,
      "mean_sigma": 4.82208251953125,
      "within_1sigma": 0.7218225419664268,
      "within_2sigma": 0.9520383693045563,
      "mean_high_tail_prob": NaN,
      "mean_low_tail_prob": NaN,
      "matched_games": 330,
      "win_rate": 0.509090909090909,
      "roi": -2.809917355371903,
      "brier": 0.26518135533031806,
      "log_loss": 0.7262921290057355,
      "train_games": 275
    },
    {
      "month": "2021-06",
      "games": 397,
      "mae": 3.717682991959781,
      "rmse": 4.76243141160715,
      "r2": -0.08166499185365206,
      "bias": 0.7854406465702288,
      "mean_predicted": 8.549571947888209,
      "mean_actual": 9.335012594458439,
      "mean_sigma": 4.683684825897217,
      "within_1sigma": 0.6675062972292192,
      "within_2sigma": 0.9420654911838791,
      "mean_high_tail_prob": 0.3599999999999999,
      "mean_low_tail_prob": 0.42296918767507,
      "matched_games": 324,
      "win_rate": 0.5092592592592593,
      "roi": -2.7777777777777777,
      "brier": 0.26358797697445263,
      "log_loss": 0.7227109208423813,
      "train_games": 692
    },
    {
      "month": "2021-07",
      "games": 370,
      "mae": 3.456562832226637,
      "rmse": 4.6112957460918755,
      "r2": -0.008665241607855867,
      "bias": 0.3467306132862865,
      "mean_predicted": 8.896512629956957,
      "mean_actual": 9.243243243243244,
      "mean_sigma": 4.577770233154297,
      "within_1sigma": 0.6972972972972973,
      "within_2sigma": 0.9621621621621622,
      "mean_high_tail_prob": 0.36383928571428564,
      "mean_low_tail_prob": 0.4349583064891995,
      "matched_games": 300,
      "win_rate": 0.49,
      "roi": -6.454545454545459,
      "brier": 0.255063020573214,
      "log_loss": 0.7039543033171675,
      "train_games": 1089
    },
    {
      "month": "2021-08",
      "games": 412,
      "mae": 3.68847979025164,
      "rmse": 4.610804858120589,
      "r2": -0.04254093322721397,
      "bias": -0.6190460105559722,
      "mean_predicted": 9.696715913468594,
      "mean_actual": 9.077669902912621,
      "mean_sigma": 4.640536785125732,
      "within_1sigma": 0.6868932038834952,
      "within_2sigma": 0.9660194174757282,
      "mean_high_tail_prob": 0.4347826086956522,
      "mean_low_tail_prob": 0.43181818181818177,
      "matched_games": 336,
      "win_rate": 0.5059523809523809,
      "roi": -3.409090909090913,
      "brier": 0.2646423415335182,
      "log_loss": 0.7283597755749559,
      "train_games": 1459
    },
    {
      "month": "2021-09",
      "games": 401,
      "mae": 3.4143564566688656,
      "rmse": 4.322439525176719,
      "r2": 0.04236266774317454,
      "bias": 0.052947337415482174,
      "mean_predicted": 9.268748423183022,
      "mean_actual": 9.321695760598503,
      "mean_sigma": 4.524646759033203,
      "within_1sigma": 0.6907730673316709,
      "within_2sigma": 0.9576059850374065,
      "mean_high_tail_prob": 0.4074074074074075,
      "mean_low_tail_prob": 0.43718592964824143,
      "matched_games": 317,
      "win_rate": 0.5173501577287066,
      "roi": -1.2331517063378254,
      "brier": 0.24696175438031293,
      "log_loss": 0.6869595945704616,
      "train_games": 1871
    },
    {
      "month": "2021-10",
      "games": 45,
      "mae": 3.536123533633146,
      "rmse": 4.211521335026671,
      "r2": -0.12607369919909361,
      "bias": 0.48768688754789935,
      "mean_predicted": 9.112313112452101,
      "mean_actual": 9.6,
      "mean_sigma": 4.317311763763428,
      "within_1sigma": 0.5777777777777777,
      "within_2sigma": 0.9777777777777777,
      "mean_high_tail_prob": 0.3800383877159309,
      "mean_low_tail_prob": 0.4551845342706502,
      "matched_games": 36,
      "win_rate": 0.5555555555555556,
      "roi": 6.060606060606055,
      "brier": 0.26459951211823163,
      "log_loss": 0.7231904684658681,
      "train_games": 2272
    }
  ],
  "betting": {
    "matched_games": 1643,
    "win_rate": 0.5076080340839927,
    "roi": -3.0930116748741248,
    "brier": 0.2593813410229881,
    "log_loss": 0.714273259194624
  }
}